name,description,asset_type,is_loop,duration_sec,file_hash,sources,source_count,confidence,conflict_fields,needs_human
%5BGAP Revival%5D Video Trey and Ariel v2.mp4,,clip_with_audio,false,,,propres_media,1,low,,true
01_South Africa Safari Promotional Poster (Facebook Post).png,,graphic,false,,b3063af2ce2e20ed49fdc95869a8d455508b06aaefd49528dad4cb355649c88a,propres_media,1,high,,false
060 GSN016 Promo.mp4,,clip_with_audio,false,60.03,43488d920d8367df3a778e6845ded9a84d9f72b1e442f81636738f3459b554b0,propres_media,1,high,,false
060 GSN043 Promo.mp4,,clip_with_audio,false,60.03,c1dfff7c96222779874df90c3d582ad2b766f1aacf33634f4263067e40223202,propres_media,1,high,,false
1.png,,graphic,false,,df385e4311c4b411fbfe1b0b28c10078f789ab72a1be13326aaaa8204126e556,propres_media,1,high,,false
2.png,,graphic,false,,717d9077726c418260d3244f21b89b095ddfdfaf511eca8ddd0b29ac57532765,propres_media,1,high,,false
2012_Clip_WITH_AUDIO.mp4,,clip_with_audio,false,16.18,c7dc63ff47ceb8576989f5aa2c7609bcaf3b191115d1c359e9c47af7611e4e5b,propres_media,1,high,,false
2026 Gap AJ Invite 2_1.mp4,,clip_with_audio,false,26.93,d5d648e584af5e413a99fe8e17b95cc47b4e6a325f5603d79d0244d5a059c3fc,propres_media,1,high,,false
20260226-Alliance-Commercial.mov,,clip_with_audio,false,55.83,c18f5d9b2090a563c980b29dad56df0fdc6cbc13c20429069933ee8b609a7a75,propres_media,1,high,,false
2026_GAPM_Pastor_Alejandro_Arias_HUDSON_FL.mp4,,clip_with_audio,false,420.19,50a293d6884bffd1f528869b088cd61852e9364a2c96e37e46b96d0e6ebe9219,propres_media,1,high,,false
30 Second Pre-WWN Promo.mp4,,clip_with_audio,false,30.03,7a8368bda316a1a28d7ccbbee87a6f5950298f1a036d33c55dda3fcaba01855a,propres_media,1,high,,false
30_Second_WC_Grand_Promo_MIXEDBROADCAST_000030_4k_2997_40Mbps_H264.mp4,,clip_with_audio,false,30.03,cbd4cf76a0c441dcc8bdd07f1aad5e1b9918f65fae972c5c566f713cdd0df422,propres_media,1,high,,false
4BoxSplitscreen.png,,graphic,false,,a7109878d0d9328ffcbe74dea77174ae54455176d1f02fe359ceace385307315,propres_media,1,high,,false
AI_Broll_LOOPING_4K.mp4,,b_roll_loop,true,,,propres_media,1,low,,true
AI_Broll_Loop2_005402_4K_2997_40Mbps_H264.mp4,,b_roll_loop,true,54.12,d2530a02665c96f448885a5b71f94ae019376f71ddebe38e57ae0f495c8cbf21,propres_media,1,high,,false
A_Trip_to_the_Moon_Clip.mp4,,clip_with_audio,false,16.75,28641621cd8a1a5707ba6fdca2977b4952e21efd833da81524807fa19c8839ea,propres_media,1,high,,false
Age Of Design Final Logo Graphic.png,,graphic,false,,3318388f9a87cc51a0c8eedefa2446fe6b9a1ef6785af609605799846f921702,propres_media,1,high,,false
Al_Gore_Climate_Change.mp4,,clip_with_audio,false,20.35,7d3bf266c5b9ea7a4fe4699a239455daea09c9fbb6959426e2541cd81b831df1,propres_media,1,high,,false
Al_Gore_Clip_WITH_AUDIO-1.mp4,,clip_with_audio,false,16.58,f0b8b37233053517691dade04f1891b4bf4f1b532b01e42b38383af38a9c8aee,propres_media,1,high,,false
Al_Gore_Concession_Speech.mp4,,clip_with_audio,false,23.26,2e6e76a035605c247d6ce16a22c697f174ec263745c746841fdcbac08a587566,propres_media,1,high,,false
Al_Gore_broll.mp4,,clip_with_audio,false,41.01,cc28ca961594477643db219e93b3906e2907227212f8328604d5e85028bcbfda,propres_media,1,high,,false
Alan Clark_TN-1.mp4,,clip_with_audio,false,41.94,d24ff926bcb76b3edc069fe0dd6cd941b88a50f7bf1b337eae7990d8cfb49a64,propres_media,1,high,,false
Alan Green-SD-3.mov,,clip_with_audio,false,59.64,d5cc6279138f115e25b4f37bd5d5f6289353c8dfae52a5d8a760098352a6049b,propres_media,1,high,,false
Alejandro Arias_FL.mov,,clip_with_audio,false,97.61,7a033b59662297143912666b18220d55b96d8c2e753bb646c08dc4aef3bd251c,propres_media,1,high,,false
Algorithms_LOOPING_000020_4k_2997_40Mbps.mp4,,b_roll_loop,true,20.02,1f298dd65839bdba8bd02c8c186a67e1b7d38bf3724a6306407f7ebe40a94655,propres_media,1,high,,false
AlienPlanets_LOOPING_000106_4k_2997_40Mbps.mp4,,b_roll_loop,true,66.57,16983a883bbad16c097556f81c10cd292fd7c2eef290ae1536416c42c94dbf3b,propres_media,1,high,,false
Alyssa_MD.mp4,,clip_with_audio,false,57.0,227364cae3002b2e6230cacc53b2958c8d9ad31662650de70b55ee356d97d082,propres_media,1,high,,false
America - Gregg Healey CT.mp4,,clip_with_audio,false,180.94,281d6dfa3926e87c47d95edde561968959198b7d9dd808e233133a925bb463f1,propres_media,1,high,,false
Andy.MOV,,clip_with_audio,false,41.57,c5599c994754cff5302e5465412ee750fd1e98f3596fb0f851e9945e816474f8,propres_media,1,high,,false
Anti-government protest in Sri Lanka 2022.png,,graphic,false,,76e17ede2953b7b9681f3715f133c9568f6d5d62e4903323ce2cdec1833dfd90,propres_media,1,high,,false
Apollo_11_Broll.mp4,,clip_with_audio,false,30.96,0f7c63375a65aa7c3a1bbdffdeff85edd60e7986dadfb02ab7ce3586db17be8a,propres_media,1,high,,false
Article Graphic 1.png,,graphic,false,,3c1a6c4931b0460f38d527d22446a59a3b8a628a419f5b35557843b31d1f817f,propres_media,1,high,,false
Article Graphic 2.png,,graphic,false,,54cf85d8571a2f0c277dd503d794a8710cf6f18c6c159fdd263d6dc61f9292fc,propres_media,1,high,,false
Article Screenshot Nature Ecology.png,,graphic,false,,eb4cd5efe2796e257a39d88d53fc509b4056e15360e4440d12b2d4ad364cb7df,propres_media,1,high,,false
Article Screenshot_James Worrell.png,,graphic,false,,419a361cb06b0f757a429e50250320bb5cf515382a3a69527f8752939db6caa0,propres_media,1,high,,false
Astronomy 1.mp4,,clip_with_audio,false,30.03,a28c44937919aaeea28708b96abda7bec6e4c4da2d306a455999d912485d2da7,propres_media,1,high,,false
AstronomyDay_OPENER_2026_CC_17video_32audio_4k_2997_PRORES422HQ.mov,,clip_with_audio,false,32.03,e837bb9b94d190675b3cf610c60096b826a65d86a9598cdbe7d2c49b92cb1cf7,propres_media,1,high,,false
Astronomy_Broll_LOOPING_000030_4k_40Mbps.mp4,,b_roll_loop,true,,,propres_media,1,low,,true
BACTERI_B-roll_loop.mp4,,b_roll_loop,true,51.17,d444e8ff8136ff1f7885ba123a3ab8f24db838fa319f481900758f2b7264d201,propres_media,1,high,,false
Bats2_LOOPING_000030_4k_2997_40Mbps.mp4,,b_roll_loop,true,30.03,f374e5686558dfc3aa8e1cec15070937df6492c976638fc156106139f1f4cc13,propres_media,1,high,,false
Bats_LOOPING_000030_4k_2997_40Mbps.mp4,,b_roll_loop,true,30.03,522a272fec41d5697cc0fcd38e274c7c29833a82b028e363ab7bf6f6e9709505,propres_media,1,high,,false
Beholding Behemoth (DVD),"Dinosaur topics, biblical references",graphic,false,,,premade_stock,1,medium,,false
Bill Cook_VA Prayer.mp4,,clip_with_audio,false,112.09,cc2bcd6430b816bdd9ea90e2e533f7eb3d0ec710cab0d8534f84ce332d10aa87,propres_media,1,high,,false
Biotech_Broll_LOOPING_4K.mp4,,b_roll_loop,true,,,propres_media,1,low,,true
Book.jpg,,graphic,false,,605706523fe6c6691821aa55111d23e9474a42dc59537cb57bb2cc0897775728,propres_media,1,high,,false
Book_NO_BG-1.png,,graphic,false,,69b9fe8fa1d214cfd3c0e2d02ca4bf0c8bc0f6f513121e356b6b8f26e7997e1e,propres_media,1,high,,false
Brianne Williams intro.mov,,clip_with_audio,false,30.4,f130d158cb01b4a3d96822155ba177809c6938b6c38225b9ed01e3859a274885,propres_media,1,high,,false
Brianne Williams_OR.mov,,clip_with_audio,false,80.91,399a767c6335cf6d50ce3595a88cc2cf691e10490b452ad0c02d828f5a857b95,propres_media,1,high,,false
Bunni ARTB_Main Promo Video_A National Return To God's Word.mp4,,clip_with_audio,false,167.18,eb3056498f428c8f2c3b44ffb9a571021be83380a5d125967bbd3fe1a1c3870e,propres_media,1,high,,false
Buster Waters - MA.mp4,,clip_with_audio,false,68.09,b85ed0787daab1cb716064f65a23dd8fb640ede13076e5720f9b0578583c6192,propres_media,1,high,,false
C21C_Ask_v02_000030_4K_2997_40Mbps_H264.mp4,,clip_with_audio,false,30.03,b8fc9ce9b46c7ce47a348036096d8ed61c771c538639781c3fb8f68974a68ddd,propres_media,1,high,,false
CRISPR_GENETICS_LOOP.mp4,,b_roll_loop,true,,,propres_media,1,low,,true
CTN_Closer_BG_and_VO_ONLY_FOR_ProPresenter_4K_2997_000049_Pr422HQ.mov,,clip_with_audio,false,49.15,9e6be57a8a544f2abb270ecc92f3ef88a268d2a9734b409c971751bc75f0de0a,propres_media,1,high,,false
CTN_Closer_ZOOMOUT_ENDING_FOR_LIVE_TO_TAPE_ProPresenter_4K_2997_000014_Pr422HQ.mov,,clip_with_audio,false,14.01,a3f90529cb6e7ac02e537ed1358c406a4cea868aa5cf0f6beb46c91bc5ab6440,propres_media,1,high,,false
CTN_L3rd_Blank_00000910_4K_2997_Premultiplied_Pr4444.mov,,clip_with_audio,false,9.34,7e5cfba0fdcbefab1c77b17a1afc07a9e3b93dfc363a4a695bf1f114ea9f877a,propres_media,1,high,,false
CTN_L3rd_Donate_FINAL_000014_4K_2997_Pr4444.mov,,clip_with_audio,false,14.01,f323953ea2e6a6f28f4bddac6b055f70d374f621d5341b1f2320fef2f5faff1e,propres_media,1,high,,false
CTN_L3rd_FollowUs_FINAL_000014_4K_2997_Pr4444.mov,,clip_with_audio,false,14.01,b862176c5bb743505e42c5b7d25b4dc0255b1dfb90c59fb08889172de212c5ae,propres_media,1,high,,false
CTN_OPENER_FINAL_000020_4K_2997_Pr422HQ.mov,,clip_with_audio,false,20.02,9732af8dc091bc9615ff942c06806a3e93ec715ccc9d29862d0abc431c72a3c8,propres_media,1,high,,false
CTN_OPENER_NOAUDIO_000017_4K_2997_Pr422HQ.mov,,clip_with_audio,false,17.25,a918d5f57bcf403e39a3b80a5de1efe9374eb16f48769ddac38e7b52b9c5370a,propres_media,1,high,,false
CTN_Promo_Graphic.png,,graphic,false,,b37eb6c63f7b4850f051966e69662364174f68ef963abf8427f68dc8e086d3dc,propres_media,1,high,,false
Canceled Science,"Academic suppression, design topics",graphic,false,,,premade_stock,1,medium,,false
Carbohydrates.png,,graphic,false,,f90a6cfa8d1c0ea93ef3e55a5a628eccdebccfcdfbf3eeb924871cdf78006bfd,propres_media,1,high,,false
Carved in Stone (Tim Clarey),"Clarey interviews, flood geology topics",graphic,false,,,premade_stock,1,medium,,false
Channeled Scablands Zoomed In.png,,graphic,false,,1aaaf43575ad90648f728e04d61eab1d2efbe9d52ee73e02b311f1834aa17a00,propres_media,1,high,,false
Channeled Scablands Zoomed Out.png,,graphic,false,,fc70c6411b19c37d0dd627c6add8f69d70b31285683554183acd2ea9b7e24a41,propres_media,1,high,,false
Climate and Energy: The Case for Realism,"Legates interviews, climate topics",graphic,false,,,premade_stock,1,medium,,false
Climate_Research_Broll.mp4,,clip_with_audio,false,41.74,045d80fe4e1292375b1fccdc05e129e8e269f78bfee771bfbe558a8c0bcf18f6,propres_media,1,high,,false
Coble Furniture 2.mov,,clip_with_audio,false,61.25,e7d99560b086bc9770e0eaf5be66a1b63bd09a5268b6d2ae4de9a7abae74fd60,propres_media,1,high,,false
Colossians 1:16-17,"Christ as Creator, cosmological Christology",graphic,false,,,premade_stock,1,medium,,false
Colossians 3:1-2,"Eternal perspective, things above",graphic,false,,,premade_stock,1,medium,,false
CommunismMarxism_Monologue_LOOPING_000028_4k_2997_H264.mp4,,b_roll_loop,true,27.99,67bf725b2483b5359b035efbc80bd2ecea429623d36abcf3e0171fd1771a7b71,propres_media,1,high,,false
Confadental_Information.mp4,,clip_with_audio,false,46.6,e263a7bb4322ad02372cec51f87d40cb4f82592c4f371ca49f56c98e5e5db6fd,propres_media,1,high,,false
Curtis Dikoff--North Dakota (1).mov,,clip_with_audio,false,115.11,046616a298cccc5d111cc3ed88ba660b95f8f49b86abfafe8653d07efa90f72e,propres_media,1,high,,false
DNA_Broll_LOOPING_4K.mp4,,b_roll_loop,true,46.05,298863f013d5c01d42c17bf22e37419732bb73df94e98ef91bf99328801dd42f,propres_media,1,high,,false
DSC04977.jpg,,graphic,false,,c888483d7dc701e2b2511a4e07cf8cfaa5105b7d104e026c50c36f2d119cd7f9,propres_media,1,high,,false
Dan Richard - ME-1.mp4,,clip_with_audio,false,86.07,5aeab7414f6fcfc0dea34d639eb07da9d9546f6d185f19d3627f2405b3a72da9,propres_media,1,high,,false
Darwin_Headshot_Graphic.png,,graphic,false,,59b9cc2b59387ebcdb1122166abc45df6c4a58743bddc36d17d49105953348bc,propres_media,1,high,,false
DarwinsLieOpener_LOOPING_000020_4k_2997_40Mbps.mp4,,b_roll_loop,true,20.02,059fb641ec76d88dc43f21bede2594aa1f429d55260af9d4fc5155127cfb58fb,propres_media,1,high,,false
David Moorman - DE-1.MOV,,clip_with_audio,false,55.98,edfbf40e391c9716dd8256bb3f642b50f58e94167ccdd86c6232b92f530e0d7c,propres_media,1,high,,false
Dead_Zone_3_Graphics_LOOP.mp4,,b_roll_loop,true,18.02,a9aca70c22107f37d2850d084a634e071d14e5d79d45fad7c3af3088d395e659,propres_media,1,high,,false
"Delgado-Baquerizo et al. 2018, Science.png",,graphic,false,,a0757d1e5b4c24918197d26057fd5005d10def502d4358c61ef8ae031266a33d,propres_media,1,high,,false
Dinosaurs: Real-Life Dragons,"Dinosaur topics, post-flood reptile theories",graphic,false,,,premade_stock,1,medium,,false
DoeRiverGorge_16x9.png,,graphic,false,,db0991e55fa9223bbc6f9d77361a8713f424d97c23b863c3a0d1ed0dfbebc889,propres_media,1,high,,false
ET_Clip_WITH_AUDIO.mp4,,clip_with_audio,false,8.58,b853b23356e82e06c2c30bf099edb02b28a4ac98b750fdbee757137134d5596d,propres_media,1,high,,false
Earth Systems book,"Climate, earth science, environmental topics",graphic,false,,,premade_stock,1,medium,,false
Earth_Core_Magnetic_Field_Broll.mp4,,clip_with_audio,false,46.81,77f3c2d4f8f52f4bc8f3cc5826d32ff788fae2e185da7f99817403dbc0bb0bbe,propres_media,1,high,,false
Earth_Moon_Broll_LOOPING.mp4,,b_roll_loop,true,45.21,1c817ad0996d4f08d0a9f9a8f5e17edca46b10c3d741c74d33a8d713b7151d5d,propres_media,1,high,,false
Earth_Opener_Graphic-1.mp4,,clip_with_audio,false,18.28,633a1894cd3566b94e67ba5976e7487bb31c7925d82f4926e09e18a808633cca,propres_media,1,high,,false
Earth_Weather_Broll.mp4,,clip_with_audio,false,43.58,57e81271ac486d587b3fe6c065ca35196954937326eac9d2d4eb7902b06a0901,propres_media,1,high,,false
Earth_atmosphere_LOOPING_000054_4K_2997_40Mbps_H264..mp4,,b_roll_loop,true,53.89,0bf8a4977617778ba6101e6b3c27e71f078840cf133ea228021d643c0a3d3b41,propres_media,1,high,,false
Ed Cheek_SC.mp4,,clip_with_audio,false,18.23,93b67c2a17e07dabe333a18d6bd639bac6d9534b7189f79b244ffe9eb3a075a6,propres_media,1,high,,false
Elijah_Chariot_of_Fire_Loop.mp4,,b_roll_loop,true,34.8,f0976dfddba612f1674675c73dc784d04e690b275a6729c3f2e081da2f92d07d,propres_media,1,high,,false
EndRacism_16x9.png,,graphic,false,,c3fb7cd784b20fb33439d0bc1233ac2e23af6429208895e5fdac50d566a2362f,propres_media,1,high,,false
Energy_Infrastructer_Broll.mp4,,clip_with_audio,false,49.58,05ef13aa1ec3e077e92b9396fcf5774ec444e2b72d3d78bbbd9fa6755113cf35,propres_media,1,high,,false
Evolution The Grand Experiment DVD Graphic.png,,graphic,false,,9cd9e2100d69008dd48ef26029b99976f3e9546e2bbfb98f7b8d46b380379cfc,propres_media,1,high,,false
FR_01_CarvedInStone_Morgan_000051_4k_2997_40Mbps.mp4,,clip_with_audio,false,51.25,35c33d456ae9feda7260f2aca204bb74c2c55f4977ae957c30cc6f638627336e,propres_media,1,high,,false
FR_02_GeneticEntropy_Ben_000054_4k_2997_40Mbps.mp4,,clip_with_audio,false,54.09,f62af53e3bcf075395764f3cb09bf3999a13c3b8738685dd7a0548561fe37477,propres_media,1,high,,false
FR_03_TheCreatedCosmos_Morgan_000053_4k_2997_40Mbps.mp4,,clip_with_audio,false,53.25,df7132aea51b928290458c9c0f5630f646cc40a28d9a40754064d8c84ee8b92a,propres_media,1,high,,false
FR_04_TheDarwinEffect_Ben_000046_4k_2997_40Mbps.mp4,,clip_with_audio,false,46.68,bc8a92697762f7892a42bcce4f01856e4c90c6bd5faddc44d5f7ef5c4adc6e92,propres_media,1,high,,false
FR_05_TheGeniusOfEarlyMan_Morgan_000106_4k_2997_40Mbps.mp4,,clip_with_audio,false,66.7,871d8b5ed62ea13c6540170b62f0a25f796e6b513f8c382d20fa2d14bb81dcd9,propres_media,1,high,,false
Farm_Broll_LOOPING.mp4,,b_roll_loop,true,50.15,34816e9f9ed8a9039470a7ad118670690339123430abca4864e72d2762bb3e0c,propres_media,1,high,,false
Flood B-roll loop,"Flood event, deluge imagery - Genesis 6-8",b_roll_loop,true,,,premade_stock,1,high,,false
Floods2_LOOPING_000040_4k_2997_40Mbps.mp4,,b_roll_loop,true,39.64,d41ec74e17869cf804d6b9c1bfb1bae2473a7d4521e1ff5c2f8364009427ac44,propres_media,1,high,,false
Football_UFO_Broll.mp4,,clip_with_audio,false,9.91,94a52391f2a57b6e4babdbe094a7c1c24c86b300bb04c3a7db8160eef5efdda6,propres_media,1,high,,false
Fossils Still Say No,"Paleo topics, evolution critique",graphic,false,,,premade_stock,1,medium,,false
Found (Vido Performance Track 01182016).mov,,clip_with_audio,false,246.71,5ffac0f0db17b4eef2094a37c309ece24387bae052f1f829a3b3450751a56211,propres_media,1,high,,false
Freedom Salute 01 - 16x9.jpg,,graphic,false,,0ffaf2dd76749125ca40f4b270543176a92c75c0d0d90e542482bd6db7820eb4,propres_media,1,high,,false
Freedom Salute 01 - Slow - 4K.mp4,,clip_with_audio,false,30.0,9a1f529719114adb96035cb1ef1b444c8f4b5a48a9430ead28ae7c7e6f7da673,propres_media,1,high,,false
Freedom Salute 03 - 16x9.jpg,,graphic,false,,e688b9ac42df7f63226d67ff3bb4e2650c386b51c43b6e60eaa518e63582959d,propres_media,1,high,,false
Freedom Salute 03 - Slow - 4K.mp4,,clip_with_audio,false,30.0,95fdc87669a69920ec6c1026fd2ceed286f6fbc0fe856d899dfa6d7ba8446f11,propres_media,1,high,,false
Freedom Salute 10 - 16x9.jpg,,graphic,false,,4a3f74dcb8f5d1ba9a90abd55a6cc59b4f1b717ff87392dc55f9a1f05bf8e8e0,propres_media,1,high,,false
Freedom Salute 10 - Subtle - 4K.mp4,,clip_with_audio,false,30.0,75fe934e4293a2223f1c24386f6afb218369a2830f047171417bd07e664f8729,propres_media,1,high,,false
Freedom Salute 15 - 16x9.jpg,,graphic,false,,2c5c4168dd9a1c97f56a49c6767f8c2aba4dd63fe409325832f59cefc948b691,propres_media,1,high,,false
Freedom Salute 15 - Slow - 4K.mp4,,clip_with_audio,false,30.0,a65c7dedb84910ecdaf76ee67d039556f97703fce5ab9652581ba77197eff1e0,propres_media,1,high,,false
Freedom Salute 17 - 16x9.jpg,,graphic,false,,35dab1d9fd723f1e2ee84649eabbd763c319b5c93a2661a01c108772e918b40a,propres_media,1,high,,false
Freedom Salute 17 - Slow - 4K.mp4,,clip_with_audio,false,30.0,44ae1ee0ea65400ae79da4b8881a76bb364b8ab3a33c4dd0cee2811fe7b6aa3c,propres_media,1,high,,false
Freedom Salute 18 - 16x9.jpg,,graphic,false,,0acf94ef7dd99c17091049ce0e78e410c24555e9dda2ca07621c02e312ec7cd2,propres_media,1,high,,false
Freedom Salute 18 - Slow - 4K.mp4,,clip_with_audio,false,30.0,c395ba9078117fa8a5744237298263aa69c3131ad50243bfeeaffd57f1fd376d,propres_media,1,high,,false
GAP '26 Loop V1.mp4,,b_roll_loop,true,30.0,25ec52fa81d844f2946ac1e0924e7c24ef48887db09f7fc58ef63a4163a7b112,propres_media,1,high,,false
GAP 26 Credits.mp4,,clip_with_audio,false,50.63,881e82a9b08f06bd72273c6ae7c0c489a09e1e5f018d88c32452cd4b201c42b6,propres_media,1,high,,false
GAP Opener_V2.mov,,clip_with_audio,false,46.83,a54c996457f5e39822894c044260fe0242c43b35fa3c311c23fe86ec99df5d1e,propres_media,1,high,,false
GAP Revival] Video Trey and Ariel v2.mp4,,clip_with_audio,false,,,propres_media,1,low,,true
GSM133-Religion_is_Evolution_000100_4k_2997_40Mbps_H264.mp4,,clip_with_audio,false,59.99,60400fb70087d11b78cd9dbd4ed134f8dc5ff436309924a1f41371274df3b485,propres_media,1,high,,false
GSM_FlatEarth_000100_4k_2997_40Mbps_H264.mp4,,clip_with_audio,false,60.06,e0f1fb6315c81de6f7ebe67acaf8e78975ebb6489eaad6b5b6fdf3bd27a3d8a1,propres_media,1,high,,false
GSM_HummingbirdMigration_000100_4k_2997_40Mbps_H264.mp4,,clip_with_audio,false,59.99,920f57d5dddecaa371082ece6eaa1a6ce73b71a946adfad1f6a77eca1ab70818,propres_media,1,high,,false
GSM_Mars_000100_4k_2997_40Mbps_H264.mp4,,clip_with_audio,false,60.03,bbd24aacc2d4b31488a025c2267ec6f2434be516674b46a219300c79c055e91b,propres_media,1,high,,false
GSM_Saturn_000100_4k_2997_40Mbps_H264.mp4,,clip_with_audio,false,59.99,aaf7a7877c45c2c4e8cff66c840e4e2dee0898dc6de77babd299cb6575150db9,propres_media,1,high,,false
GSM_SoftTissueFossils_000100_4k_2997_40Mbps_H264.mp4,,clip_with_audio,false,60.06,3ce5c87345a3578b904a8bd36c657d92ef6a07b0eb4c9188bb674231f6f4ee3e,propres_media,1,high,,false
GSM_TheBrain_000100_4k_2997_40Mbps_H264.mp4,,clip_with_audio,false,59.99,e9542eff63f6f33e36c11a10a7b14d2585d844c2bbe0d474443cec3aec7f31a7,propres_media,1,high,,false
GSM_TheKingsAstronomer_000100_4k_2997_40Mbps_H264.mp4,,clip_with_audio,false,60.03,40214def0a0646d22a4f475e5d2cbc214c24b77811e8866fa6dc6f00386a63d0,propres_media,1,high,,false
GSR_2024_AnimatedBG_DNA_Grid_Plexus_wTitle_v01_000100_4K_2997_Pr422HQ.mov,,title_graphic,false,60.03,1db4de5fcf0560150b98af50b825a76d0b53703b59dc55e399f03083be52bbb3,propres_media,1,high,,false
GSR_2024_AnimatedBG_Option03_v03_TealPlexus_000100_4K_2997_Pr422HQ.mov,,clip_with_audio,false,59.97,f84ce8c92c9a31e3869c1d5d1833011e292b41d3bec2ba8102680aea848a884e,propres_media,1,high,,false
GSR_2024_Closer_NO_MUSIC_v01_000007_4K_2997_Pr4444.mov,,clip_with_audio,false,7.01,d3d59651c5f51657fb5ce6cfc95f3fdb9634b9a845a696f40749d284deb17e36,propres_media,1,high,,false
GSR_2024_Closing_Tag_BROADCAST_v02_000005_4K_2997_Pr4444.mov,,clip_with_audio,false,5.54,9140cd4f703e1461fed87d876e69f1056b2781efebe263baefe0eea3f0291cb1,propres_media,1,high,,false
GSR_2024_Closing_Tag_DONATE_v02_000007_4K_2997_Pr4444.mov,,clip_with_audio,false,7.04,30c7279e678df90e77e07394972d469200b9bbefafe40e9550428ea6fd9a0816,propres_media,1,high,,false
GSR_2024_Closing_Tag_SOCIAL_v02_000005_4K_2997_Pr4444.mov,,clip_with_audio,false,5.24,df78b30223662d9ce2e7e7fb3880bc559bc60a8d2041f811f127b0e14486fc8f,propres_media,1,high,,false
GSR_2024_Closing_Tag_SUPERSTORE_v02_000006_4K_2997_Pr4444.mov,,clip_with_audio,false,5.47,c6021318607412c86930f6be3e0b82822da9ac0008b36e91f071fa584d1d0003,propres_media,1,high,,false
GSR_2024_Closing_Tag_WondersCenter_v02_000006_4K_2997_Pr4444.mov,,clip_with_audio,false,5.47,2f6c6f46ba895f7b909f4341b5ac14bad105738611f16a579bfdcf43d0a1999b,propres_media,1,high,,false
GSR_2024_L3rd_Text_Box_Looping_v05_000030_4K_2997_Pr4444.mov,,b_roll_loop,true,30.03,4b47628c83c29428425b26f53486a991caed1e9ea0ebf4aa7cdd13f8ff6ec9d6,propres_media,1,high,,false
GSR_2024_Opener_NO_MUSIC_v02_000010_4K_2997_Pr422HQ.mov,,clip_with_audio,false,10.01,6d194b90354980986b8207f7495bb7e979563ef9834a5146ab7fa065bbdb9c52,propres_media,1,high,,false
GSR_2024_Opener_NO_MUSIC_v03_000007_4K_2997_Pr4444.mov,,clip_with_audio,false,7.01,53a61858f864406dd716f0d1d111b465dfa0c10b7936b053071f997a345fbfd7,propres_media,1,high,,false
GSR_2024_SegmentTitle_Featured_Resource_v01_CCd_v02_000100_1080p_2997_Pr422HQ.mov,,title_graphic,false,60.03,459788b44831a9cf6087814d6f7dba1e2a08020e76ac69c43fe9428688d22a77,propres_media,1,high,,false
GSR_2024_SegmentTitle_GSR_One_on_One_v01_CCd_v02_000100_1080p_2997_Pr422HQ_1.mov,,title_graphic,false,60.03,61e5476d6d7f7f3ae9e3b259223792c6482d0ec64091090c870ea1177c82a9de,propres_media,1,high,,false
GSR_2024_SegmentTitle_Genesis_Science_Minute_v01_CCd_v02_000100_4K_2997_Pr422HQ_1.mov,,title_graphic,false,60.03,dbf4f0485a147d98c0401d433329943cc8821d320448a2b847908bd47f01aada,propres_media,1,high,,false
GSR_2024_SegmentTitle_Genesis_Science_QandA_v01_CCd_v02_000100_1080p_2997_Pr422HQ.mov,,title_graphic,false,60.03,c8322f186819712ce67783397bb37b157b18e1f4fd8c98603aae6a875f62b0d4,propres_media,1,high,,false
GSR_2024_SegmentTitle_Kids_Corner_v01_CCd__v02_000100_1080p_2997_Pr422HQ.mov,,title_graphic,false,60.03,5b31ccaa1edf0cbb3ad72d35713f0d8068bc31d5d8d96aef825cce778a8ababf,propres_media,1,high,,false
GSR_2024_SegmentTitle_Ministry_Report_v01_CCd_000100_1080p_2997_Pr422HQ.mov,,title_graphic,false,60.03,a84817c62b1e1565a6ebc044990de0e5e4aee4e58891adad77d8314f2f5ac15b,propres_media,1,high,,false
GSR_2024_SegmentTitle_Ministry_Update_v01_CCd_v02_000100_1080p_2997_Pr422HQ.mov,,title_graphic,false,60.03,75b37d69bceb4780bfa7e4680bf16f7f4d0ce8aee19247321fac590d7c8a8820,propres_media,1,high,,false
GSR_2024_SegmentTitle_Viewer_Voices_v01_CCd_v02_000100_1080p_2997_Pr422HQ.mov,,title_graphic,false,60.03,4ec891863b3a9ba8c9d6f7f0f49229b04702fb71403f2afaa1def76381aed404,propres_media,1,high,,false
GSR_2025_L3rd_BUG_ONLY_Looping_v07_000030_4K_2997_PreMultiplied_Pr4444.mov,,b_roll_loop,true,30.03,66c116effae865ef6d6ac6a1c5cc2b26fe5fb08a66eb6bfd2dc1dde636385e16,propres_media,1,high,,false
GSR_2025_L3rd_Curved_Text_Box_BOTTOM_ONLY_Looping_v09_000030_4K_2997_PreMultiplied_Pr4444.mov,,b_roll_loop,true,30.03,4a3a58cbffff546ff572a34c4b182e977e21d376806a4c74ebff669b775cdfe1,propres_media,1,high,,false
GSR_2025_L3rd_Curved_Text_Box_FULL_Looping_v09_000030_4K_2997_PreMultiplied_Pr4444.mov,,b_roll_loop,true,30.03,3719921aeb0185a0567aee66646df18b8dfb7674cdd1e309fbcc5bc9dc39dc40,propres_media,1,high,,false
GSR_2026_L3rd_Looping_v07_000100_4K_2997_PreMultiplied_Pr4444.mov,,b_roll_loop,true,59.99,65908a226cc934146d3568f241abbfee7e5b20e05cb99bef12a02dd88cf87287,propres_media,1,high,,false
GSR_2026_L3rd_Looping_v08_000100_4K_2997_PreMultiplied_Pr4444.mov,,b_roll_loop,true,59.99,2d7343cf48326fe7b2dc20a936dd8fb76f11403c04bad34e83b56dccb094a556,propres_media,1,high,,false
GSR_Broll_DNA_2_Looping_000104_2997_40Mbps_H264.mp4,,b_roll_loop,true,64.2,cc53d4b9db48e6b160f33ec0b3743b14217faaf4e38ff8e005c86a126a1e0697,propres_media,1,high,,false
GSR_Broll_Galaxy_2_Looping_000100_4K_2997_mp4_40Mbps_H264.mp4,,b_roll_loop,true,60.6,97c51f55046ca4dad692f829d71c1a47445c916ae35297a536e8632496d61664,propres_media,1,high,,false
GSR_Bumper_IN_01_NO_MUSIC_v01_000007_4K_2997_Pr4444.mov,,clip_with_audio,false,7.01,afb5435967a1123b068d2045d68667f5a5acb11b3650839ec237ef9d04691cb3,propres_media,1,high,,false
GSR_Bumper_OUT_01_NO_MUSIC_v01_000010_4K_2997_Pr4444.mov,,clip_with_audio,false,10.01,983080bdd3968454b74e6ca3ee406ec05c3b02314661b5b5fcada9ad17ef6871,propres_media,1,high,,false
GSR_CLOSER_wDoughNut_Hole_for_Tag_000010_4K-2997_Pr4444.mov,,clip_with_audio,false,10.01,13bf69fd99be61aa29dd5a9ca07b08c3168c427097c62e50d43a1b20c569ba47,propres_media,1,high,,false
GSR_Michael_Maughon_OPENER_4.mp4,,clip_with_audio,false,16.78,654ec1ccbf2b901917475ca09e47d866a2c69a7e4220ca1f5fba7f52ce58e9dc,propres_media,1,high,,false
GSR_OPENER_002000_4K_2997_40Mbps_H264-2.mp4,,clip_with_audio,false,20.02,0f71bca30052fcf7083b7a0cbe20b96901d37639f41898d3ec765bd9c1b79fc3,propres_media,1,high,,false
GSR_Opener_000020_4K_2997_40Mbps_H264-1.mp4,,clip_with_audio,false,20.02,6872b7cbd970bbe737f7bffdcb5fcc3e47390154df422296c1b6279530418d6f,propres_media,1,high,,false
GSR_Opener_MUSIC_ONLY_v01_000012_2997_WAV.wav,,other,false,,61c412f6a438f7d29cc08b0856627d36514886c5fd22cb72dfe8a9898c829764,propres_media,1,high,,false
GSR_Promo_000100_4K_2997_40Mbps_H264.mp4,,clip_with_audio,false,60.03,cf2acdc11df958a57b6fbb00e30b1fd4dc749f8e73633431d4459db51bf3631d,propres_media,1,high,,false
GSS Logo Short Inverted.png,,graphic,false,,a9ff1b0decf2a19ec89aedecc2c5d92da62233b559bbb46a84943748be81a85c,propres_media,1,high,,false
GS_Minute_132_Too_Much_Salt_000100_4k_2997_40Mbps_H264.mp4,,clip_with_audio,false,59.99,57cc5146fcc80a67400fcd604eb0e14a6bf6c6938824700d8870f7d484e6df86,propres_media,1,high,,false
Galaxys_Broll_LOOPING.mp4,,b_roll_loop,true,54.02,5537af3123b80c27c3796979ea5270f061c05522cc6f5fb37f6125ddf0f52a6e,propres_media,1,high,,false
Gap logo-2.png,,graphic,false,,de7420b77a5b4dc25abc500a4945692ee6a3b4c4532c3f4b87b2b0829625a839,propres_media,1,high,,false
Gap logo.png,,graphic,false,,c14c29f7ae835bcbe56ed587833f0e1b981ae62a95ede5a885b2573bf7f333d0,propres_media,1,high,,false
Gates of Lodore looming from Brown's Park.png,,graphic,false,,721b202161da3b3429b56d907fdbbab40cadb0a2ffb6568aaa807f12ba123dd1,propres_media,1,high,,false
Genesis 1:14,"Astronomy, signs and seasons, calendars",graphic,false,,,premade_stock,1,medium,,false
Geology_LOOPING_000037_4k_2997_40Mbps.mp4,,b_roll_loop,true,37.04,34d3c4552eae285ae0f5c524a565c47cb8ba0efb3039f1eafa76a3ce964049a1,propres_media,1,high,,false
Glacier National Park Article Screenshot.png,,graphic,false,,9dd579627b28e812118d86351799bd18966aa461cd9807292e6643e7783893b0,propres_media,1,high,,false
Glacier_NPS.png,,graphic,false,,9264ba0ce5fbf7e73a680edd9d4f1d0786d7bce8349be5873f5c99b121bb7ceb,propres_media,1,high,,false
Gold Bless America H265 444 10 MOS.mov,,clip_with_audio,false,232.73,284712eed1440e929922088a7b266ff7746176fab1eaca54351de24817e0c570,propres_media,1,high,,false
Gore_Meeting People_Broll.mp4,,clip_with_audio,false,21.82,dd37715d805a709f67b9ea857aff49bbc2b2a6989c087d893ec8542f343ee97a,propres_media,1,high,,false
Government_Broll.mp4,,clip_with_audio,false,44.61,088d67fec978a49c84cc3b39c6dfac9d47b70b8ab5ec02ac5ccb5a1eadf47cc3,propres_media,1,high,,false
Grand_Canyon_B-roll_LOOPING_005809_4K_2997_40Mbps_H264.mp4,,b_roll_loop,true,58.38,c01675201679ed3821edd29eb8a3b270136dff7bca0ca54e2461a88f869e2105,propres_media,1,high,,false
Green_River_OPENER_Graphic.mp4,,clip_with_audio,false,17.52,a37c307b4e2e262dd870e56b073eba448908ffd78e1a201f5c44e92105d737f7,propres_media,1,high,,false
Greg McCall_IO.mp4,,clip_with_audio,false,64.76,0eef5430caf82f1329d463f0adc62766d9b1be91edaf77ba4222483a86973c96,propres_media,1,high,,false
Hebrews 11:3,"Faith, creation by word, design arguments",graphic,false,,,premade_stock,1,medium,,false
ICOI-2.mov,,clip_with_audio,false,147.38,4aa478d52e439ee804423b4e5ee679f29f2b56228d98496b3e260a52bf7ec602,propres_media,1,high,,false
ICR Event Graphic-1.png,,graphic,false,,f7008227911934e6aa1936e6d2859d3dd775fe33ff2a8f020ffda4314645cc56,propres_media,1,high,,false
IMG_0083.MOV,,clip_with_audio,false,47.79,9e2c5bc1f47a224b9ee5779c3ce513e23bf46f930e3f79644d60b1084605c0b6,propres_media,1,high,,false
IMG_4030.jpeg,,graphic,false,,79fd01b08432b9a3b1e2f89433d71a68ad14016d83cb0c4bb60394db007d5627,propres_media,1,high,,false
ISS_Broll_LOOPING_000115_4k_40Mbps.mp4,,b_roll_loop,true,,,propres_media,1,low,,true
Ice_Glacier_Broll.mp4,,clip_with_audio,false,49.78,59ce30eafcea93c7d8d7c4b7c0319345527df789fb491b8dd972ef23e6d1af7e,propres_media,1,high,,false
Interview3_OPENER_LOOPING_000020_4k_2997_40Mbps.mp4,,b_roll_loop,true,20.02,b73d7a8302ada4317c26e2d1c34a7bceb633ecb6441314d805678971424eccc1,propres_media,1,high,,false
Jamie Smith-KS-1.mov,,clip_with_audio,false,49.23,f694cea6b04620519eacebda3fada486025193120e0713f8a7b9d2f82d8b17fe,propres_media,1,high,,false
Jamie Smith-KS-2-1.mov,,clip_with_audio,false,49.23,7d2df8a3982bf2effb2c1ab26a88f4c7ab30f3c91bc19ac1e65a67db866f2c9c,propres_media,1,high,,false
Job 12:7-10,"Creation testimony, nature speaks",graphic,false,,,premade_stock,1,medium,,false
JohannesKepler.png,,graphic,false,,5d80fa27bd7160b6282242efa9229b2050d0b90fabfb47c7b760705303a6d6e5,propres_media,1,high,,false
John Whlaey_NC.MP4,,clip_with_audio,false,56.3,f00f24ffe215505c74f547e5714a95839bbf160d6142063c482226500ed34229,propres_media,1,high,,false
KC_S02_Ep021_Bobcats_MASTER_000230_4K_2997_45Mbps.mp4,,clip_with_audio,false,150.1,b10ef28bf2feba25eb181b767bd422b0db1003d8a3a7c2c261555eebeb2cb6d9,propres_media,1,high,,false
Kilimanjaro.png,,graphic,false,,4bb95d4512b5d6c01f5fa97bf9e1375a3f7c36d67fc99e9843ad6c3bb6e14fbd,propres_media,1,high,,false
Knowing_Clip_WITH_AUDIO.mp4,,clip_with_audio,false,16.22,3ead59df3bbed129ddc1de17a321cf90ea5747a7bfa92b4e7db69669f39f40cc,propres_media,1,high,,false
Leviticus 7,"Old Testament law, sacrificial system",graphic,false,,,premade_stock,1,medium,,false
Lipids.png,,graphic,false,,ac70d0b53e537d8cc1b6db66fc8d7e678afc6dfc9912ef481426223d4dc77d4f,propres_media,1,high,,false
Lucas Miles_TPUSA-003.mov,,clip_with_audio,false,493.65,cc81e269519dcced281340144cfff8577b16be478282404f7dc4496091937303,propres_media,1,high,,false
LunarLurfaceBroll2.mp4,,clip_with_audio,false,45.05,8ee81d4456e21a86c20c13aceae8e0d91cfc0ee95075c2108f58f45ee4ac87d6,propres_media,1,high,,false
LunarSurfaceBroll2.mp4,,clip_with_audio,false,,,propres_media,1,low,,true
Luxury_Broll_LOOP.mp4,,b_roll_loop,true,79.01,1f570c6541741f6fdd58dae6f4888031b3314f9657b65776b9a591daa34825b2,propres_media,1,high,,false
MM_Article_16x9.png,,graphic,false,,d917b64806d0ca9080cda2dc53b512157f27ed7a8d46b4fc654f4cea15c9812f,propres_media,1,high,,false
MagneticField.png,,graphic,false,,7746ed1b8e2c9aa8ee59086701da8bd4ce21200edb278663ea23e9caf7d1e4b6,propres_media,1,high,,false
Mancini QR.png,,graphic,false,,a7c9c781d5f72a0877b27080b2fbb6f568595b6dd48ca929b5e64c6fd35a628e,propres_media,1,high,,false
Maria Erickson_MN.mov,,clip_with_audio,false,63.0,0b35d3b256ed9395c1bae2c5f4bd02401e6495270cc12fcf8b1ab7b763b18bc4,propres_media,1,high,,false
Mark Koch Free Book QR Code 1.png,,graphic,false,,90c7c24bce2b50ecf5303c8ab7321429684cf76dcd2efd83fac2a276df6897a9,propres_media,1,high,,false
Mars_LOOPING_000025_4k_2997_40Mbps.mp4,,b_roll_loop,true,25.02,19b8b85a07a798b134da13aefed529022ba36bdb23792777aa3fb4821a5fc559,propres_media,1,high,,false
Men_Contemplating_Moon.png,,graphic,false,,771e10490f58b8c88e71d764d6f7a687cf84cd3b38e6cc3382e1d362d6905e5f,propres_media,1,high,,false
Michele Pillar & Dr. Phil - Live Event Opener-1.mp4,,clip_with_audio,false,74.94,361883c757a8765435c4f8dd11f27a7068a30abdfb157e144fe4af14412e81b5,propres_media,1,high,,false
Microscope_Broll.mp4,,clip_with_audio,false,38.54,0861349556d6a5ead0e4889d8c849ea14ffd8a09fba8d3df21acb62c2bfdf6e5,propres_media,1,high,,false
Microscope_Broll_LOOPING_4K.mp4,,b_roll_loop,true,,,propres_media,1,low,,true
Mike Chorey_NY.MP4,,clip_with_audio,false,107.35,930da7b70c11012517fbcc2301693b9dc3d769671c70408d9e7caeda00c4f701,propres_media,1,high,,false
Mo Hodge_IN.mp4,,clip_with_audio,false,21.27,a8c2e563aed2e583e276d33eefe550e492992a41fb24ee641fee1171100819d6,propres_media,1,high,,false
Money_Broll_LOOPING.mp4,,b_roll_loop,true,54.85,d21dda9ee5c0a064e7ec5dfcd701d518d7ed9bd0bcb852acaf6acf42dbf6d463,propres_media,1,high,,false
Moon_LOOPING_000100_4k_40Mbps.mp4,,b_roll_loop,true,,,propres_media,1,low,,true
Moon_Opener.mp4,,clip_with_audio,false,27.66,08ab7b03316a09fc1075a5c892a06cc7e22b38a6124ebe65098b339fbb4247a3,propres_media,1,high,,false
Moon_Opener_Graphic-2.mp4,,clip_with_audio,false,27.59,6e1a89101d556fbc0e4b8ed96cd099e7bc59e8bbfebca59a967c9b8c4d56ddb4,propres_media,1,high,,false
Mountain_Broll_LOOPING.mp4,,b_roll_loop,true,51.12,89499e68c6d0f917935153e97fe02cab7572a9fb5e62b961b16339698043f7a5,propres_media,1,high,,false
NASA_Article_Screenshot-1.png,,graphic,false,,c4e1261bcf30bf23b58187961158d00684da81b1c770d2317acf1b02cf74c51e,propres_media,1,high,,false
NASA_LOOPING_000027_4k_2997_40Mbps.mp4,,b_roll_loop,true,27.16,474746f0046f4add53fd25aab9d43b3ce1e5019e1bead887af3a22959b6d839a,propres_media,1,high,,false
Nature Microbiology 2020 (Streptomyces _ geosmin)-1.png,,graphic,false,,de0e3e6ba26c56b3b8dea91664f8c2c6e3da18f72b67e8411251210d7a9a963a,propres_media,1,high,,false
Neanderthal_Broll.mp4,,clip_with_audio,false,48.25,6976606c8db3ec093247fe8b061cf7d3efba2c73a682e5f97ee3a998b341928c,propres_media,1,high,,false
"Noah%E2%80%99s Ark, Simon de Myle 1570 (Wikimedia).png",,graphic,false,,,propres_media,1,low,,true
"Noah’s Ark, Simon de Myle 1570 (Wikimedia).png",,graphic,false,,72aba35049b3f06b1c60b8d225b6a7c6957f60e05a288f8de280c38874058327,propres_media,1,high,,false
Nuclear_Power_Broll.mp4,,clip_with_audio,false,36.8,cee7d50f3573df577261c8e9ffead479d408917c5bb22d92ca48a65fb369154f,propres_media,1,high,,false
NucleicAcid.png,,graphic,false,,60e10e875b48599190ebdd76f43b05d621b1321f4753d9a10d135c7ebf357e02,propres_media,1,high,,false
NucleotideBases.png,,graphic,false,,1c8c49c018b40ca17b769fbc7ff0f524845fc12bfb7fa2bac41582297504d654,propres_media,1,high,,false
Numbers 24:17,"Star prophecy, messianic astronomy",graphic,false,,,premade_stock,1,medium,,false
OPENER_Moon_Graphic-2.mp4,,clip_with_audio,false,23.39,db8410820781b771726439b18bb90b463225abcf1ca8357a553b7f26ea8c62ff,propres_media,1,high,,false
Ocean_Broll_LOOPING.mp4,,b_roll_loop,true,46.68,5e3ca3aa2966778ef1e71e3eee4baae0f23f8172612b52aacb4c33653634cc13,propres_media,1,high,,false
PLANETARY_RINGS_Broll_LOOPING_004815_4K_2997_40Mbps_H264.mp4,,b_roll_loop,true,48.55,aacb2cc860ef15d4a65ac3a6ed76d79da575e90d8b61173b0b08df980d3f466b,propres_media,1,high,,false
PM AI B-roll,"Artificial intelligence, technology, modern tech topics",b_roll_loop,true,,,premade_stock,1,high,,false
PM Alamosaurus B-roll,Specific dinosaur (Alamosaurus),b_roll_loop,true,,,premade_stock,1,high,,false
PM Alien Planet B-roll,"Exoplanets, habitability, astrobiology beds",b_roll_loop,true,,,premade_stock,1,high,,false
PM Apatosaurus B-roll,Specific dinosaur (Apatosaurus),b_roll_loop,true,,,premade_stock,1,high,,false
PM Astronomy B-roll,"Generic deep-space, stars, galaxies - opening monologue cosmology beds",b_roll_loop,true,,,premade_stock,1,high,,false
PM Bacteria B-roll,"Microbiology, origin of life, microbial topics",b_roll_loop,true,,,premade_stock,1,high,,false
PM Bible B-roll,"Scripture references, theology, devotional beds",b_roll_loop,true,,,premade_stock,1,high,,false
PM Black hole B-roll,"Black holes, event horizons, gravitational topics",b_roll_loop,true,,,premade_stock,1,high,,false
PM Brain B-roll,"Brain anatomy, cognition, mind topics",b_roll_loop,true,,,premade_stock,1,high,,false
PM CTN Graphic,Christian Television Network branding,graphic,false,,,premade_stock,1,high,,false
PM Church B-roll,"Ministry topics, religious freedom, cultural commentary",b_roll_loop,true,,,premade_stock,1,high,,false
PM Classroom B-roll,"Education topics, public school evolution debates",b_roll_loop,true,,,premade_stock,1,high,,false
PM Crispr Genetics B-roll,"Gene editing, biotech, modern genetics news",b_roll_loop,true,,,premade_stock,1,high,,false
PM DNA B-roll,"Genetics, molecular biology, design arguments",b_roll_loop,true,,,premade_stock,1,high,,false
PM Dino Excavation B-roll,"Dig sites, field paleontology, dinosaur discoveries",b_roll_loop,true,,,premade_stock,1,high,,false
PM Dino Fossil B-roll,Dinosaur fossils specifically,b_roll_loop,true,,,premade_stock,1,high,,false
PM Earth's Atmosphere B-roll,"Atmosphere, weather systems, climate beds",b_roll_loop,true,,,premade_stock,1,high,,false
PM Fine-tuning B-roll,"Fine-tuning argument, cosmological constants",b_roll_loop,true,,,premade_stock,1,high,,false
PM Fossil B-roll,"Generic fossils, paleontology, age-of-earth topics",b_roll_loop,true,,,premade_stock,1,high,,false
PM Galaxy B-roll (Loop 1),Galaxy / spiral arm visuals,b_roll_loop,true,,,premade_stock,1,high,,false
PM Galaxy B-roll (Loop 2),Galaxy / spiral arm visuals (alternate),b_roll_loop,true,,,premade_stock,1,high,,false
PM Geology B-roll,"Strata, rock formations, geological time",b_roll_loop,true,,,premade_stock,1,high,,false
PM ISS B-roll,"Space station, manned spaceflight, orbital science",b_roll_loop,true,,,premade_stock,1,high,,false
PM Microscope B-roll,"Lab work, scientific method, microbiology beds",b_roll_loop,true,,,premade_stock,1,high,,false
PM Moon B-roll,"Lunar topics, eclipses, Apollo references",b_roll_loop,true,,,premade_stock,1,high,,false
PM NASA B-roll,"Mission control, rockets, NASA-branded imagery",b_roll_loop,true,,,premade_stock,1,high,,false
PM Neanderthal B-roll,"Human origins, anthropology, hominid topics",b_roll_loop,true,,,premade_stock,1,high,,false
PM Neuron B-roll,"Neuroscience, brain topics, consciousness",b_roll_loop,true,,,premade_stock,1,high,,false
PM Neurons B-roll,Neuroscience (alternate loop),b_roll_loop,true,,,premade_stock,1,high,,false
PM Nuclear power B-roll,"Nuclear physics, energy, stellar fusion analogs",b_roll_loop,true,,,premade_stock,1,high,,false
PM Planet Earth B-roll,"Earth from space, climate, global topics",b_roll_loop,true,,,premade_stock,1,high,,false
PM Post Flood B-roll,"Flood geology, post-flood world, Ice Age aftermath",b_roll_loop,true,,,premade_stock,1,high,,false
PM Protest B-roll,"Social unrest, cultural decay, current events",b_roll_loop,true,,,premade_stock,1,high,,false
PM Scientists in labs B-roll,"Research, peer review, modern science process",b_roll_loop,true,,,premade_stock,1,high,,false
Part 3 Smithsonian 4k Tour Whales V1.mp4,,clip_with_audio,false,774.04,711e4620550f3bb6b90c2f7febace78bb69b4d926374ef27d5aaee939755c820,propres_media,1,high,,false
Planet_Earth_LOOPING_000055_4k_40Mbps.mp4,,b_roll_loop,true,55.02,3dbd61f37f5cfee4bb586eba299f32f6cf26aa69c4bd866e9b8a9a3dbf9c617e,propres_media,1,high,,false
Planetary_Boundaries_Wheel_Graphic.png,,graphic,false,,2d8529fb1d4682d2b3f816b42d64c615f168772a87173261c430a4701f22e87a,propres_media,1,high,,false
Planetary_OPENER_Graphic-1.mp4,,clip_with_audio,false,13.91,0edf13b88f56e18dcba75708ff418d8a59f5e342668cef267776b32b6d1cef25,propres_media,1,high,,false
PostFloodEarth_LOOPING_000017_4k_2997_40Mbps.mp4,,b_roll_loop,true,17.02,7aab5ff221791f5afd3e28c48fbb9d219f489555c35cca99833b5d89c2834971,propres_media,1,high,,false
Prayer for Kentucky.mp4,,clip_with_audio,false,105.88,fda94ba95f6e384fe3e4173076f9921a1c4c50bc4cb3722473b79258a0b0ab53,propres_media,1,high,,false
Presidential_Election_Clip_WITH_AUDIO.mp4,,clip_with_audio,false,12.15,6ef476e153a13651d4cfdbdbadca591ebe4206ca70212d1a44c364e20a4555ac,propres_media,1,high,,false
Proteins.png,,graphic,false,,984e2dea77ed4a43e87d95b7c6d507a3d6715717d8e2b3d813538d1a8d1ae526,propres_media,1,high,,false
Protests_LOOPING_000046_4k_2997_40Mbps.mp4,,b_roll_loop,true,45.58,29291dc9e3693a1ca095f2bb30e5366807ec6f93641882040c0d2c445af9a373,propres_media,1,high,,false
Psalm 139:14,"Human design, biology, intricacy",graphic,false,,,premade_stock,1,medium,,false
QA_S1_E21_MASTER_000200_1080p_2997_40Mbps_H264.mp4,,clip_with_audio,false,120.02,fdd3391a78adf6b6f77a7714d8b8531bea1d2bd71ef6394251d7d530323dc650,propres_media,1,high,,false
QA_S1_E23_MASTER_000223_1080p_2997_30Mbps_H264.mp4,,clip_with_audio,false,143.01,089d8d9e3661babb964cfe0a0944c289ec421b31005088bc646839111ebb6623,propres_media,1,high,,false
Rain_Broll_LOOPING.mp4,,b_roll_loop,true,41.34,2e7cb8b17338549c2f81a1430e7ec3c397b9e1fa4cc6f14cb639f9aa19b27c57,propres_media,1,high,,false
Rain_OPENER_Graphic.mp4,,clip_with_audio,false,16.88,87899e9b4d22931a8369f1157ec0372a3af2545db955332a7a3d655ec308c923,propres_media,1,high,,false
Randy Hekman_MI.mp4,,clip_with_audio,false,83.93,7b8062be4a422f9d25de9f855c701b7d30e80c239219219b665db12fc2ea6f8c,propres_media,1,high,,false
Rocket_Broll-1.mp4,,clip_with_audio,false,48.95,a6343fa15e95158b8d82ae68d3b9f587ad6d3bb1c9cfc6d9e017835198178ae4,propres_media,1,high,,false
Romans 1:20,"General revelation, design from creation",graphic,false,,,premade_stock,1,medium,,false
Ron Frahler - IL-1.mov,,clip_with_audio,false,87.03,2c59040763c0e473169cec716eb467b7df36fee12bcca53f0e2a7c54737c9835,propres_media,1,high,,false
SC_CourseDesc_Graphic_16x9_4kALTVERSION.png,,graphic,false,,20025977bb062de1dc66308aee4b060a82c05805b46764ce71d1c00597cdc4a6,propres_media,1,high,,false
Sam Hollo - NH-1.mp4,,clip_with_audio,false,140.1,4edb001984bed77789b8b71b49edd3ba96296023f28ac225b8e6ab9e74c85692,propres_media,1,high,,false
Scientific Approach to Evolution,"Evolution critique, methodology discussions",graphic,false,,,premade_stock,1,medium,,false
Scientists In Lab_LOOPING_4K.mp4,,b_roll_loop,true,,,propres_media,1,low,,true
Scientists_LOOPING_000020_4k_2997_40Mbps.mp4,,b_roll_loop,true,30.03,7bd892ae2612489f59a256539ba5954e5a861c2af08a0fae8e7d42507efda1a4,propres_media,1,high,,false
Scott Spages -NJ-1.mp4,,clip_with_audio,false,57.11,fd2f5133238372a128c61ea4cef6cd0ceac7b1ebfad0cb10a37167412af6c00a,propres_media,1,high,,false
Screenshot 2025-03-24 at 2.08.11%E2%80%AFPM.png,,graphic,false,,,propres_media,1,low,,true
Screenshot 2025-03-24 at 2.08.11 PM.png,,graphic,false,,6b79a375e596dd08d41033b74cfe9eb608102d0015dc40e04394e3bfde43a73a,propres_media,1,high,,false
Screenshot 2025-10-14 at 6.00.25%E2%80%AFPM.png,,graphic,false,,,propres_media,1,low,,true
Screenshot 2025-10-17 at 1.43.27%E2%80%AFPM.png,,graphic,false,,,propres_media,1,low,,true
Screenshot 2026-02-19 at 10.51.51%E2%80%AFAM.png,,graphic,false,,,propres_media,1,low,,true
Screenshot 2026-05-28 at 9.02.22%E2%80%AFAM.png,,graphic,false,,,propres_media,1,low,,true
Screenshot 2026-05-29 at 10.04.45%E2%80%AFAM.png,,graphic,false,,,propres_media,1,low,,true
Screenshot 2026-05-29 at 10.05.32%E2%80%AFAM.png,,graphic,false,,,propres_media,1,low,,true
Screenshot 2026-05-29 at 10.07.27%E2%80%AFAM.png,,graphic,false,,,propres_media,1,low,,true
Simpsons_Clip_WITH_AUDIO.mp4,,clip_with_audio,false,28.13,dda4db583a5d24f8bf93afd20130fef70a4d89cbbd46d9b78f551ff7dc51667b,propres_media,1,high,,false
Singularity Article Screenshot.png,,graphic,false,,580d6bc3eff98d6bd350f86f554497aa4e293e714521d085064b30e8701f8421,propres_media,1,high,,false
SolomonIslands_LOOPING_000030_4k_2997_40Mbps.mp4,,b_roll_loop,true,30.03,f7241344ed5ad65794fd8f9cb5268e10a51d006a785d964af29dfbdb1fe58101,propres_media,1,high,,false
SpacePics01_LOOPING_MONTAGE_000048_4k_2997_40Mbps_H264.mp4,,b_roll_loop,true,48.05,47daeedb7d3d4b72d6d650302c18b6bddf141e08e8b847db64d75b5c49bde669,propres_media,1,high,,false
Space_Odyssey_WITH_AUDIO.mp4,,clip_with_audio,false,15.92,6dca9b4ae389c7e17c0cb94921c62749b302d5bea0e4c4d13111a3d414f3bc1c,propres_media,1,high,,false
Spinnaker Screenshot.png,,graphic,false,,ffb6c9f80e628cc74d0a1801a3ff19e7cecbf50c48ca2f2ad7ced0476105902e,propres_media,1,high,,false
Spinnaker Supercomputer.png,,graphic,false,,5e5497d457cf12bb7c15bdd84307a2bc2b3fbbb050527e1043e469b2e6d8519f,propres_media,1,high,,false
Starry_Night_Van_Gogh.png,,graphic,false,,47aaa9287c1565e88018baf471bb513f18859847c4b53fb74a8706167e517503,propres_media,1,high,,false
Strother Prayer GAP26.MOV,,clip_with_audio,false,264.47,ed7247e8f4bcd0cc7905390445e87c604ed9bc3caedc0d722be9fbfd8077f311,propres_media,1,high,,false
Sun_Broll.mp4,,clip_with_audio,false,46.01,bc0e3f8048dfa9593e8ad3dd98f4e8229410e3ece0a8f3ff46d9c49bdc068e41,propres_media,1,high,,false
Sun_Opener_Graphic.mp4,,clip_with_audio,false,18.79,09866110555aae9d8a237343f47ce8521427ca6908ef68b661f006ca787b8fda,propres_media,1,high,,false
Support GAP Here (1).png,,graphic,false,,bf85c5fff850d41bc92bad4eea8ad83b9b7cc0cc3b6aae2fa3606d5961e6b399,propres_media,1,high,,false
Support GAP Here (1920 x 800 px) (1920 x 1080 px) (2)-1.png,,graphic,false,,9e84557c8e397335a0cd987d0f5e57d0429ba05987abbe458a6a4e3086bdc368,propres_media,1,high,,false
THD_359_Leviathan_GSN_000259_1080p_20Mbps_H264.mp4,,clip_with_audio,false,180.01,25607c27b04274c594113b82c5961a098887bab29e19ba6cb8c2f7b0cf228941,propres_media,1,high,,false
THD_361_TimeSpaceAndMatter_GSN_000130_1080p_2997_7Mbps_H264-1.mp4,,clip_with_audio,false,91.09,67af7419ae328c3d87074edbe0402d51481564b5c0cbf75b2544c074dab91104,propres_media,1,high,,false
THD_362_Unicorns_WWN_ROLLIN_000302_4k_2997_40Mbps_H264.mp4,,clip_with_audio,false,181.98,b822b023de1cbac47785c81c09d880116c5c2d5fe8e153371df78c9182f8c545,propres_media,1,high,,false
THD_372_CREATION_ASediba_WWN-GSR_000300_4K_2997_40Mbps_H264.mp4,,clip_with_audio,false,180.01,f8980ce935cf9527ff9b62f499a60ceb5a8307a0202936fbdb565633decaf84c,propres_media,1,high,,false
THD_374_CREATION_Ardipithecus_ROLLIN_000400_4K_2997_40Mbps_H264.mp4,,clip_with_audio,false,240.01,23c3e293d3e6c894fca4ec5ef9341b69d732d2673e77495e73b992f171788c14,propres_media,1,high,,false
THD_386_WhyCreate_MASTER_000500_4k_2997_50Mbps_H264.mp4,,clip_with_audio,false,300.03,2486534fe1d084e2585410c30fc9a087d1dd0e30d2a180c01e5f1d6fd66e67ee,propres_media,1,high,,false
THD_390_DayYom_MASTER_000330_4k_2997_50Mbps.mp4,,clip_with_audio,false,209.98,f99c262b29470732cdf5dce69863a5774df5f6867b9f133e3b69ebf77c0c431f,propres_media,1,high,,false
THD_392_LeadwoodAndJackalberry_Video4Engineer_PR422LT.mov,,clip_with_audio,false,240.01,83cdc82c4f9550d019499905af906005fe591ef19a89ab8cf5fd0c61c17302af,propres_media,1,high,,false
THD_Baraminology_v02_4K_2997_40Mpbs_H264.mp4,,clip_with_audio,false,193.56,6dbded26d5b8dab69caefee421f380816eb614aaed802eef42865c8435a44e07,propres_media,1,high,,false
THD_CREATION_Cheetah_WWN_ROLLIN_000250_4K_2997_40Mbps_H264.mp4,,clip_with_audio,false,170.04,057a16a66d87b3578f41efd1e2983d946d6408dce192ded897aa9a423b550e5b,propres_media,1,high,,false
THD_CREATION_Monkeys_WWN_GSR_ROLLIN_000430_4K_2997_40Mbps_H264.mp4,,clip_with_audio,false,270.0,abd69777a3b549f4ec7466a33c3863f984973c6ffe6eeb757e6852a0e6a2383d,propres_media,1,high,,false
THD_CrabNebula_UPDATED_WWN_ROLLIN_000213_4k_2997_40Mbps_H264.mp4,,clip_with_audio,false,133.0,48575172f48e50e7cbc0800c635ed1e376653f969826605e652a14b29e43a21a,propres_media,1,high,,false
THD_GreatUnconformity_UPDATED_WWN_ROLLIN_000126_4k_2997_40Mbps_H264.mp4,,clip_with_audio,false,86.02,eef38dc21eb594ddd7fad77df58254e5ba001f8c1f8d2254402a57b118d29df0,propres_media,1,high,,false
THD_WhirlpoolGalaxy_UPDATED_WWN_ROLLIN_000205_4k_2997_40Mbps_H264.mp4,,clip_with_audio,false,125.02,29f1a2b53aadb0ae7aa7c48bfbf85ab86cfb97dc8a343d6d91c0e9f044ec84d1,propres_media,1,high,,false
TIc_Tac_UFO_Broll.mp4,,clip_with_audio,false,69.2,c4b335510ee0f534382a2ebe582ff033a61ff0c84ec6743ed76ae0edb9ec5ad8,propres_media,1,high,,false
TS_Article_16x9.png,,graphic,false,,041f256c1a1f0d314894b57776d67a6877d94258676776b44e124afe8c4dd4ce,propres_media,1,high,,false
The Darwin Effect (Jerry Bergman),"Bergman interviews, Darwinism critiques",graphic,false,,,premade_stock,1,medium,,false
The God Hypothesis (Stephen Meyer),"Design arguments, cosmology, philosophy of science",graphic,false,,,premade_stock,1,medium,,false
The Stairway to Life,"Origin of life topics, abiogenesis critiques",graphic,false,,,premade_stock,1,medium,,false
The Work of His Hands (Williams),"Personal testimony, scientist-believers",graphic,false,,,premade_stock,1,medium,,false
The first camp of Powell's Second Expedition.png,,graphic,false,,fd5c8745df880e15e214b8dc1b5a26ad3d2b810e5e5efa4b41023aa3eb38eb66,propres_media,1,high,,false
The_Core_Clip_WITH_AUDIO.mp4,,clip_with_audio,false,22.69,c218ec218fdca7f95f6b32419f6e9833f7f877822d0909a3b307c5705f8ae7c1,propres_media,1,high,,false
Tim Rust-NE-1.mov,,clip_with_audio,false,70.63,f0809d7249de5997df3cfdc59d94bf73e8f4dea3aa11991b76cfe98926b5ad4e,propres_media,1,high,,false
Trey and Ariel Furnal_CA.mp4,,clip_with_audio,false,398.56,a4aa4c8ffd95297761495253d1f70496bdfe2dd68e3d87653f3cd2b98fc2a931,propres_media,1,high,,false
Truth_Opener_Graphic-1.mp4,,clip_with_audio,false,15.95,93e6e11e7cd001394f5c7fe191068546ec2622e97c0ec4c0f76b22f4535295a1,propres_media,1,high,,false
Turing_Test_Graphic.png,,graphic,false,,5aac0a18c9bac1ebab1f43dd4634eb829540ea545be546c5cbb04df642503d29,propres_media,1,high,,false
UFO_Sighting_WITH_AUDIO.mp4,,clip_with_audio,false,18.18,671757f2096442b1ea135fbb9c74c6979c7c176fd1d3df732405b95ac4e1dd8f,propres_media,1,high,,false
"USA Flag Waving - Videos (720p, h264).mp4",,clip_with_audio,false,13.43,dcaa7df0ce1976c5981025f138a4b20e113469665af53a9c01bd76b2beedac16,propres_media,1,high,,false
UnWrapped_Animated_Looping_Chest_BG_4K_2997fps_40Mbps_H264.mp4,,b_roll_loop,true,30.03,5de19807fa179b855a758f1da5605ae3a4e07d7e77e75bac3fce11baef7676bb,propres_media,1,high,,false
UnWrapped_Animated_Looping_Ruins_BG_4K_2997fps_40Mbps_H264.mp4,,b_roll_loop,true,30.03,928a2375a97ec47b1b5e1c12c6ded1d57bc4f139514c1780708864a7c1c96c6b,propres_media,1,high,,false
UnWrapped_Intro.mov,,clip_with_audio,false,30.0,45d36801845bacaf2a603f7036e1fe9fc4c5dfa89b1f1f1213866fa9acc5698e,propres_media,1,high,,false
UnWrapped_L3rd_Blank_wAlpha_Premultiplied_4K_2997_000010_Pr4444.mov,,clip_with_audio,false,10.01,df336610b551d17ea039aa3fce6f9db45193ead667924b0aef66eb16bb06a194,propres_media,1,high,,false
UnWrapped_Logo_White.png,,graphic,false,,73d15ddc4976aeebd16b553df3360cc7636272cc42c46655a3c5e562749cc1a6,propres_media,1,high,,false
Undated_Africa_Promo_000030_4k_2997_40Mbps.mp4,,clip_with_audio,false,30.03,72cd840a110354f7b53b60a3c0f71e16767193c190c864407a6c8035c8781a8d,propres_media,1,high,,false
Untitled-1.jpeg,,title_graphic,false,,cc3dda3f8c5ea0c2682d3772f9e99723309432f08297f03da820b85253d273d7,propres_media,1,high,,false
Unwrapped_Intro_000030_FINAL_NO_AUDIO_4K_2997_Pr422.mov,,clip_with_audio,false,30.47,6bc8d1cc2ba94070d86bf2ae18647ced0c1c6cd4e9c9bc9a50097aee21ce83b8,propres_media,1,high,,false
Unwrapped_L3rd_Donate_000015_4K_2997_Pr4444.mov,,clip_with_audio,false,15.02,f19e41847bc677b0014ad7e5b521e8f2b4054267240236cbab45c3a2a49c3515,propres_media,1,high,,false
Unwrapped_L3rd_FollowUs_000013_4K_2997_Pr4444.mov,,clip_with_audio,false,13.01,a6857c426ad67fecad2f394f9950a0c5440416e04400f816c8141827f1c38982,propres_media,1,high,,false
VV_01_Liz_Gabe_000034_1080p_2997_40Mbps_H264.mp4,,clip_with_audio,false,34.43,266ec6673d876fd4334ba18eebf4d89fef00015f50cae5dab5ac4903731b469d,propres_media,1,high,,false
VV_02_Kimmie_Gabe_000037_1080p_2997_40Mbps_H264.mp4,,clip_with_audio,false,36.74,9b48d8bbb4f52ebb2f1466cdf03af0a64d50ff4d301edfd35d88a9d6e9ceeba4,propres_media,1,high,,false
VV_03_Carla_Daniel_000032_1080p_2997_40Mbps_H264.mp4,,clip_with_audio,false,32.6,35558b404c45bcdfd43d5b424890e58bf2d4cdc7ec0b0102220d1ea3fbb3ea1d,propres_media,1,high,,false
VV_04_Diane_Daniel_000032_1080p_2997_40Mbps_H264.mp4,,clip_with_audio,false,32.7,9b758883c8b9352715f6f4df1dd6eb23c7deaab50c7f3b39fd0af37419639daa,propres_media,1,high,,false
VV_05_Wanda_Gabe_000031_1080p_2997_40Mbps_H264.mp4,,clip_with_audio,false,31.23,a541e3811fcb3478b38cdb43fb74dc1d0fc0555d091c1b64d8211d9689e0bdf2,propres_media,1,high,,false
Virus_Broll_LOOPING.mp4,,b_roll_loop,true,42.34,ca198519ad5095e8e5bef0b4bf58ad8e493c7580677d26ee657f1d84b08fcfd7,propres_media,1,high,,false
Virus_OPENER_Graphic.mp4,,clip_with_audio,false,9.88,5b360dc6e45c9a2d32edfaaea2baf6e37ad21789da6db0ee80ea5cc812c5ca56,propres_media,1,high,,false
WC_Promo_2025_MASTER_000030_4k_2997_40Mbps_H264.mp4,,clip_with_audio,false,30.03,faa608dc33d035bde05ec5d70757e416332ba49e71b97c1b124144ea20972691,propres_media,1,high,,false
WWN clip 1 .mp4,,clip_with_audio,false,38.47,ec9cf22977178f084d5d51fa7fa23155c612bb21595ef752f348a3ba789efb9d,propres_media,1,high,,false
WWN clip 2.mp4,,clip_with_audio,false,6.81,a846646d152eb300261fff9edc18d5e6ae2ec5ffb8e9a8d5d88aa17042be6f99,propres_media,1,high,,false
WWN clip 3.mp4,,clip_with_audio,false,26.93,0612937a5883871461ace18119efd797bb1b7db217876bddbad604d76c8bebdc,propres_media,1,high,,false
WWN_2019_30Sec_Mid-WWN_Promo_wBroadcastAudio_4K_2997_Pr422HQ.mov,,clip_with_audio,false,32.1,f19e73b18bf0c82ef2aecaa9c28bd006a805ff6aa59e2bdb42788400bcf3bdfc,propres_media,1,high,,false
WWN_L3rd_ConnectWithUs_FINAL_000023_2800x1080_2997_Pr4444.mov,,clip_with_audio,false,23.32,9fa904b778ad9b6faf481048a6f8d68c015883185034be1de83c91c342ba9d9f,propres_media,1,high,,false
WWN_L3rd_David_Rives_v04_FINAL_4K_2997_Pr4444.mov,,clip_with_audio,false,10.01,7418295c1958f03162b37efc0061d41c8344fe4596d30fc885874ecf356c10fc,propres_media,1,high,,false
WWN_L3rd_Donate_FINAL_000010_4K_2997_Pr4444.mov,,clip_with_audio,false,10.01,6b0fe9c34078b81634c12258c4cedf98412c5ecbf7c51903b6e2ba3e07ce234e,propres_media,1,high,,false
WWN_L3rd_ROB_STADLER_PR4444_v2.mov,,clip_with_audio,false,10.01,aff3a6b88b6f795eacf2b57e8b53fb33f5a7d88010ee0164b7bb964bcd5cf26b,propres_media,1,high,,false
WWN_Official_2019_Intro_wBroadcastAudio_4K_2997_Pr422HQ-003.mov,,clip_with_audio,false,34.1,c8ef2c39a2d68e81ab9549d38cdfc6df3655c5e4ed6f65be5148dc070e57be29,propres_media,1,high,,false
War.gov_Screenshot.png,,graphic,false,,f4ead7d614e60afafa389f07186e40b940efe749d3c3d3e7697b12a47db4560b,propres_media,1,high,,false
Welcome Pastors 16x9.png,,graphic,false,,485b733d2a4a5bbb4626ea497f4d7bcea681355553f646f502a620ceb18ee402,propres_media,1,high,,false
Wendell Dale_OH.mp4,,clip_with_audio,false,9.57,1d80b3a1e6c9c715030a0a6d35ae1be52fd03d805e0d238268c02cb3773fe1ab,propres_media,1,high,,false
WhyScienceNeedsFaith.png,,graphic,false,,3f32cb25bc7877d29f5691440fc3f9e2d74ec5e190f9d4715a000c1965c67fbe,propres_media,1,high,,false
Wonders Center Slide.jpg,,graphic,false,,8abe6b73d062ac9dcfa396674c5c5e69ac3ef85cd5370a7d1fc3d8fb21a70b9f,propres_media,1,high,,false
americareadsthebible.com qr code.png,,graphic,false,,e8cc0c1b95383f72f7b8f38bcd5d76858bb0dcd10ad62ba663da5505f3ba365a,propres_media,1,high,,false
creationconferencebannerwithqrcode.png,,graphic,false,,1a2ed26a47eea8638f57278f7f11015347869559a7b668050d804e28732d3ada,propres_media,1,high,,false
deep-low-whoosh-SBA-300462094.wav,,other,false,,bf0ea59f4ac0ee03447e13e7b23ac5e97c41013faa32ce34779a29e80aea3038,propres_media,1,high,,false
image-1.jpg,,graphic,false,,691fbe9b1f5bc4903ef845c89a9de257ee6fa0d544d4b1179cee21b2f1437a1c,propres_media,1,high,,false
image.jpg,,graphic,false,,bbd4ed2d379f74bf62010da2fff7591450d7a73759d2a6e7cabb576b580831b4,propres_media,1,high,,false
logo-gap26.png,,graphic,false,,929bf1b9345f3adebfdec75d9d362ad63bc4feda519032fc06f561882ce5a44b,propres_media,1,high,,false
qrcode.png,,graphic,false,,64116d3247746d1648c5798200a0270d58937ac385c2e866d87e593268b5c570,propres_media,1,high,,false
virus_Article_Screenshot.png,,graphic,false,,6154ca2bfa68fa5082c9ba3b047585cb770e0ec48be5a3e5c4fe1cc5e877fc26,propres_media,1,high,,false
