type,name,library,rel_path,slide_count,arrangement_names,last_modified,episode_uid,source,confidence,needs_human,notes
presentation,CTN_ASSETS,CTN_LIBRARY,Libraries/CTN_LIBRARY/CTN_ASSETS.pro,4,318767361; CTN_ASSETS; DAVID RIVES,2026-05-13,,propres_ssd,high,True,episode_uid not derivable from filename alone; show-letter != episode number
presentation,CTN_CLOSER,CTN_LIBRARY,Libraries/CTN_LIBRARY/CTN_CLOSER.pro,1,318767361; CTN_CLOSER,2026-01-22,,propres_ssd,medium,True,episode_uid not derivable from filename alone; show-letter != episode number
lower_third,CTN_L3RDs,CTN_LIBRARY,Libraries/CTN_LIBRARY/CTN_L3RDs.pro,6,318767361; DAVID RIVES,2026-05-13,,propres_ssd,high,True,episode_uid not derivable from filename alone; show-letter != episode number
presentation,CTN_OPENER,CTN_LIBRARY,Libraries/CTN_LIBRARY/CTN_OPENER.pro,1,318767361; CTN_OPENER,2025-10-08,,propres_ssd,medium,True,episode_uid not derivable from filename alone; show-letter != episode number
presentation,TEMP_PASTORS_LUNCH,Default,Libraries/Default/TEMP_PASTORS_LUNCH.pro,5,318767361; TEMP_PASTORS_LUNCH; JPG,2026-05-21,,propres_ssd,medium,True,episode_uid not derivable from filename alone; show-letter != episode number
presentation,GAP '26 L3s Names,GAP26,Libraries/GAP26/GAP '26 L3s Names.pro,30,318767361; TITLE; NAME; LOWER BAR; HOLLY MCCLURE; HOPE HINES,2026-03-04,,propres_ssd,high,True,episode_uid not derivable from filename alone; show-letter != episode number
presentation,GAP '26 Locators,GAP26,Libraries/GAP26/GAP '26 Locators.pro,2,318767361; NAME; LOWER BAR,2026-03-04,,propres_ssd,high,True,episode_uid not derivable from filename alone; show-letter != episode number
presentation,GAP 26 LOGOS,GAP26,Libraries/GAP26/GAP 26 LOGOS.pro,5,318767361; GAP 26 LOGOS; JPG,2026-03-03,,propres_ssd,high,True,episode_uid not derivable from filename alone; show-letter != episode number
presentation,GAP 26 WEDNESDAY,GAP26,Libraries/GAP26/GAP 26 WEDNESDAY.pro,10,318767361; GAP 26 WEDNESDAY; TITLE; NAME; LOWER BAR; JPG,2026-03-04,,propres_ssd,high,True,episode_uid not derivable from filename alone; show-letter != episode number
presentation,GAP MONDAY,GAP26,Libraries/GAP26/GAP MONDAY.pro,21,318767361; GAP MONDAY; HOLLY MCCLURE; HOPE HINES; LOWER BAR; TITLE; NAME; JPG,2026-03-04,,propres_ssd,high,True,episode_uid not derivable from filename alone; show-letter != episode number
presentation,GAP State Ambassadors,GAP26,Libraries/GAP26/GAP State Ambassadors.pro,38,318767361; TITLE; NAME; LOWER BAR; JPG,2026-03-04,,propres_ssd,high,True,episode_uid not derivable from filename alone; show-letter != episode number
presentation,GAP Wall,GAP26,Libraries/GAP26/GAP Wall.pro,6,318767361; JPG,2026-02-27,,propres_ssd,medium,True,episode_uid not derivable from filename alone; show-letter != episode number
presentation,Mark Koch free book QR code L3,GAP26,Libraries/GAP26/Mark Koch free book QR code L3.pro,2,318767361; NAME; LOWER BAR; JPG,2026-03-05,,propres_ssd,high,True,episode_uid not derivable from filename alone; show-letter != episode number
presentation,Mark Koch free book QR code-1,GAP26,Libraries/GAP26/Mark Koch free book QR code-1.pro,2,318767361; NAME; LOWER BAR; JPG,2026-03-05,,propres_ssd,high,True,episode_uid not derivable from filename alone; show-letter != episode number
presentation,Mark Koch free book QR code,GAP26,Libraries/GAP26/Mark Koch free book QR code.pro,2,318767361; NAME; JPG; LOWER BAR,2026-02-27,,propres_ssd,high,True,episode_uid not derivable from filename alone; show-letter != episode number
presentation,ALL_SHOWS_SHARED_ASSETS-1,GSR_LIBRARY,Libraries/GSR_LIBRARY/ALL_SHOWS_SHARED_ASSETS-1.pro,1,318767361; ALL_SHOWS_SHARED_ASSETS-1,2026-02-26,,propres_ssd,medium,True,episode_uid not derivable from filename alone; show-letter != episode number
presentation,ALL_SHOWS_SHARED_ASSETS,GSR_LIBRARY,Libraries/GSR_LIBRARY/ALL_SHOWS_SHARED_ASSETS.pro,1,302055490; ALL_SHOWS_SHARED_ASSETS,2025-02-03,,propres_ssd,medium,True,episode_uid not derivable from filename alone; show-letter != episode number
lower_third,Closing_Comments_L3RDs-1,GSR_LIBRARY,Libraries/GSR_LIBRARY/Closing_Comments_L3RDs-1.pro,1,302055490; L3RD 18,2025-01-28,,propres_ssd,high,True,episode_uid not derivable from filename alone; show-letter != episode number
lower_third,Closing_Comments_L3RDs,GSR_LIBRARY,Libraries/GSR_LIBRARY/Closing_Comments_L3RDs.pro,2,318767361; L3RD,2025-10-15,,propres_ssd,high,True,episode_uid not derivable from filename alone; show-letter != episode number
lower_third,FEBRUARY_SHOW_A_INTERVIEW_1_L3RDS-1,GSR_LIBRARY,Libraries/GSR_LIBRARY/FEBRUARY_SHOW_A_INTERVIEW_1_L3RDS-1.pro,22,318767361; FEBRUARY_SHOW_A_INTERVIEW_1_L3RDS-1; L3RD,2026-02-26,,propres_ssd,high,True,episode_uid not derivable from filename alone; show-letter != episode number
presentation,FEBRUARY_SHOW_C_HEAVENS_DECLARE,GSR_LIBRARY,Libraries/GSR_LIBRARY/FEBRUARY_SHOW_C_HEAVENS_DECLARE.pro,1,318767361; SHOW_C_HEAVENS_DECLARE-1,2026-02-26,,propres_ssd,high,True,episode_uid not derivable from filename alone; show-letter != episode number
lower_third,FEBRUARY_SHOW_C_INTERVIEW_1_L3RDS-1,GSR_LIBRARY,Libraries/GSR_LIBRARY/FEBRUARY_SHOW_C_INTERVIEW_1_L3RDS-1.pro,34,318767361; FEBRUARY_SHOW_C_INTERVIEW_1_L3RDS-1; L3RD,2026-02-26,,propres_ssd,high,True,episode_uid not derivable from filename alone; show-letter != episode number
splitscreen,FEBRUARY_SHOW_C_INTERVIEW_1_SPLITSCREEN,GSR_LIBRARY,Libraries/GSR_LIBRARY/FEBRUARY_SHOW_C_INTERVIEW_1_SPLITSCREEN.pro,1,318767361; FEBRUARY_SHOW_C_INTERVIEW_1_SPLITSCREEN,2026-03-05,,propres_ssd,medium,True,episode_uid not derivable from filename alone; show-letter != episode number
lower_third,FEBRUARY_SHOW_C_INTERVIEW_2_L3RDS,GSR_LIBRARY,Libraries/GSR_LIBRARY/FEBRUARY_SHOW_C_INTERVIEW_2_L3RDS.pro,34,318767361; FEBRUARY_SHOW_C_INTERVIEW_2_L3RDS; L3RD,2026-03-31,,propres_ssd,high,True,episode_uid not derivable from filename alone; show-letter != episode number
splitscreen,FEBRUARY_SHOW_C_INTERVIEW_2_SPLITSCREEN,GSR_LIBRARY,Libraries/GSR_LIBRARY/FEBRUARY_SHOW_C_INTERVIEW_2_SPLITSCREEN.pro,1,318767361; FEBRUARY_SHOW_C_INTERVIEW_2_SPLITSCREEN,2026-03-31,,propres_ssd,medium,True,episode_uid not derivable from filename alone; show-letter != episode number
presentation,FEBRUARY_SHOW_D_HEAVENS_DECLARE,GSR_LIBRARY,Libraries/GSR_LIBRARY/FEBRUARY_SHOW_D_HEAVENS_DECLARE.pro,1,318767361; FEBRUARY_SHOW_D_HEAVENS_DECLARE,2026-02-26,,propres_ssd,high,True,episode_uid not derivable from filename alone; show-letter != episode number
lower_third,FEBRUARY_SHOW_D_INTERVIEW_1_L3RDS,GSR_LIBRARY,Libraries/GSR_LIBRARY/FEBRUARY_SHOW_D_INTERVIEW_1_L3RDS.pro,34,318767361; FEBRUARY_SHOW_D_INTERVIEW_1_L3RDS; L3RD,2026-02-26,,propres_ssd,high,True,episode_uid not derivable from filename alone; show-letter != episode number
splitscreen,FEBRUARY_SHOW_D_INTERVIEW_1_SPLITSCREEN,GSR_LIBRARY,Libraries/GSR_LIBRARY/FEBRUARY_SHOW_D_INTERVIEW_1_SPLITSCREEN.pro,2,318767361; FEBRUARY_SHOW_D_INTERVIEW_1_SPLITSCREEN,2026-03-05,,propres_ssd,high,True,episode_uid not derivable from filename alone; show-letter != episode number
lower_third,FEBRUARY_SHOW_D_INTERVIEW_2_L3RDS,GSR_LIBRARY,Libraries/GSR_LIBRARY/FEBRUARY_SHOW_D_INTERVIEW_2_L3RDS.pro,34,318767361; FEBRUARY_SHOW_D_INTERVIEW_2_L3RDS; L3RD,2026-04-01,,propres_ssd,high,True,episode_uid not derivable from filename alone; show-letter != episode number
splitscreen,FEBRUARY_SHOW_D_INTERVIEW_2_SPLITSCREEN,GSR_LIBRARY,Libraries/GSR_LIBRARY/FEBRUARY_SHOW_D_INTERVIEW_2_SPLITSCREEN.pro,1,318767361; FEBRUARY_SHOW_D_INTERVIEW_2_SPLITSCREEN,2026-03-31,,propres_ssd,medium,True,episode_uid not derivable from filename alone; show-letter != episode number
video,GSR_BUMBER_IN,GSR_LIBRARY,Libraries/GSR_LIBRARY/GSR_BUMBER_IN.pro,1,302252046; GSR_BUMBER_IN,2025-06-10,,propres_ssd,medium,True,episode_uid not derivable from filename alone; show-letter != episode number
video,GSR_BUMBER_OUT,GSR_LIBRARY,Libraries/GSR_LIBRARY/GSR_BUMBER_OUT.pro,1,302252046; GSR_BUMBER_OUT,2025-08-08,,propres_ssd,medium,True,episode_uid not derivable from filename alone; show-letter != episode number
lower_third,GSR_L3RD_BACKGROUND,GSR_LIBRARY,Libraries/GSR_LIBRARY/GSR_L3RD_BACKGROUND.pro,1,318767361; GSR_L3RD_BACKGROUND,2026-05-20,,propres_ssd,medium,True,episode_uid not derivable from filename alone; show-letter != episode number
video,Intro_Video,GSR_LIBRARY,Libraries/GSR_LIBRARY/Intro_Video.pro,0,302055490,2025-03-10,,propres_ssd,medium,True,episode_uid not derivable from filename alone; show-letter != episode number
presentation,L3 BG,GSR_LIBRARY,Libraries/GSR_LIBRARY/L3 BG.pro,2,302186513; L3 BG; L3RD,2025-04-16,,propres_ssd,high,True,episode_uid not derivable from filename alone; show-letter != episode number
lower_third,LOWER THIRD,GSR_LIBRARY,Libraries/GSR_LIBRARY/LOWER THIRD.pro,1,302186513; LOWER THIRD,2025-04-15,,propres_ssd,medium,True,episode_uid not derivable from filename alone; show-letter != episode number
lower_third,Lower Thirds Alt 1,GSR_LIBRARY,Libraries/GSR_LIBRARY/Lower Thirds Alt 1.pro,24,318767361; L3RD,2026-05-20,,propres_ssd,high,True,episode_uid not derivable from filename alone; show-letter != episode number
lower_third,Lower Thirds Alt 2,GSR_LIBRARY,Libraries/GSR_LIBRARY/Lower Thirds Alt 2.pro,24,318767361; L3RD,2026-05-20,,propres_ssd,high,True,episode_uid not derivable from filename alone; show-letter != episode number
lower_third,Lower Thirds Alt 3,GSR_LIBRARY,Libraries/GSR_LIBRARY/Lower Thirds Alt 3.pro,24,318767361; L3RD,2026-05-20,,propres_ssd,high,True,episode_uid not derivable from filename alone; show-letter != episode number
lower_third,Lower Thirds Alt 4,GSR_LIBRARY,Libraries/GSR_LIBRARY/Lower Thirds Alt 4.pro,30,318767361; L3RD,2025-10-14,,propres_ssd,high,True,episode_uid not derivable from filename alone; show-letter != episode number
lower_third,Lower Thirds Alt 5,GSR_LIBRARY,Libraries/GSR_LIBRARY/Lower Thirds Alt 5.pro,30,318767361; L3RD,2025-10-10,,propres_ssd,high,True,episode_uid not derivable from filename alone; show-letter != episode number
lower_third,Lower Thirds,GSR_LIBRARY,Libraries/GSR_LIBRARY/Lower Thirds.pro,2,302186513; L3RD,2025-04-15,,propres_ssd,high,True,episode_uid not derivable from filename alone; show-letter != episode number
video,Outro,GSR_LIBRARY,Libraries/GSR_LIBRARY/Outro.pro,0,302055490,2025-02-13,,propres_ssd,medium,True,episode_uid not derivable from filename alone; show-letter != episode number
video,Outro_loop,GSR_LIBRARY,Libraries/GSR_LIBRARY/Outro_loop.pro,0,302055490,2025-01-28,,propres_ssd,medium,True,episode_uid not derivable from filename alone; show-letter != episode number
presentation,SHARED_SHOW_AD_SEGMENT,GSR_LIBRARY,Libraries/GSR_LIBRARY/SHARED_SHOW_AD_SEGMENT.pro,1,318767361; SHARED_SHOW_AD_SEGMENT,2026-04-28,,propres_ssd,medium,True,episode_uid not derivable from filename alone; show-letter != episode number
video,SHOW_A_COMMERCIAL_PROMO_1,GSR_LIBRARY,Libraries/GSR_LIBRARY/SHOW_A_COMMERCIAL_PROMO_1.pro,1,302055490; SHOW_A_COMMERCIAL_PROMO_1,2025-02-07,,propres_ssd,high,True,episode_uid not derivable from filename alone; show-letter != episode number
video,SHOW_A_COMMERCIAL_PROMO_2,GSR_LIBRARY,Libraries/GSR_LIBRARY/SHOW_A_COMMERCIAL_PROMO_2.pro,1,302055490; SHOW_A_COMMERCIAL_PROMO_2,2025-02-07,,propres_ssd,high,True,episode_uid not derivable from filename alone; show-letter != episode number
lower_third,SHOW_A_FEATURED_RESOURCE_L3RDS,GSR_LIBRARY,Libraries/GSR_LIBRARY/SHOW_A_FEATURED_RESOURCE_L3RDS.pro,10,318767361; SHOW_A_FEATURED_RESOURCE_L3RDS; L3RD; ONE-ON-ONE PREVIEW,2026-05-28,,propres_ssd,high,True,episode_uid not derivable from filename alone; show-letter != episode number
splitscreen,SHOW_A_FEATURED_RESOURCE_SPLITSCREEN,GSR_LIBRARY,Libraries/GSR_LIBRARY/SHOW_A_FEATURED_RESOURCE_SPLITSCREEN.pro,1,318767361; SHOW_A_FEATURED_RESOURCE_SPLITSCREEN,2026-05-20,,propres_ssd,medium,True,episode_uid not derivable from filename alone; show-letter != episode number
presentation,SHOW_A_GSM,GSR_LIBRARY,Libraries/GSR_LIBRARY/SHOW_A_GSM.pro,1,318767361; SHOW_A_GSM,2026-05-20,,propres_ssd,high,True,episode_uid not derivable from filename alone; show-letter != episode number
lower_third,SHOW_A_GSM_L3RDs,GSR_LIBRARY,Libraries/GSR_LIBRARY/SHOW_A_GSM_L3RDs.pro,8,318767361; SEGWAY; 1 L3RD; ONE-ON-ONE PREVIEW,2026-05-28,,propres_ssd,high,True,episode_uid not derivable from filename alone; show-letter != episode number
lower_third,SHOW_A_GSM_LOWER_THIRDS,GSR_LIBRARY,Libraries/GSR_LIBRARY/SHOW_A_GSM_LOWER_THIRDS.pro,1,318767361; SHOW_A_GSM_LOWER_THIRDS,2026-05-28,,propres_ssd,medium,True,episode_uid not derivable from filename alone; show-letter != episode number
presentation,SHOW_A_HEAVENS_DECLARE,GSR_LIBRARY,Libraries/GSR_LIBRARY/SHOW_A_HEAVENS_DECLARE.pro,1,318767361; SHOW_A_HEAVENS_DECLARE,2026-05-20,,propres_ssd,high,True,episode_uid not derivable from filename alone; show-letter != episode number
lower_third,SHOW_A_HEAVENS_DECLARE_LOWER_THIRDS,GSR_LIBRARY,Libraries/GSR_LIBRARY/SHOW_A_HEAVENS_DECLARE_LOWER_THIRDS.pro,6,318767361; SHOW_A_HEAVENS_DECLARE_LOWER_THIRDS; SEGWAY; L3RD,2026-02-25,,propres_ssd,high,True,episode_uid not derivable from filename alone; show-letter != episode number
lower_third,SHOW_A_INTERVIEW_1_L3RDS,GSR_LIBRARY,Libraries/GSR_LIBRARY/SHOW_A_INTERVIEW_1_L3RDS.pro,26,318767361; SHOW_A_INTERVIEW_1_L3RDS; L3RD,2026-05-27,,propres_ssd,high,True,episode_uid not derivable from filename alone; show-letter != episode number
splitscreen,SHOW_A_INTERVIEW_1_SPLITSCREEN,GSR_LIBRARY,Libraries/GSR_LIBRARY/SHOW_A_INTERVIEW_1_SPLITSCREEN.pro,3,318767361; SHOW_A_INTERVIEW_1_SPLITSCREEN; JPG,2026-05-27,,propres_ssd,high,True,episode_uid not derivable from filename alone; show-letter != episode number
lower_third,SHOW_A_INTERVIEW_2_L3RDS,GSR_LIBRARY,Libraries/GSR_LIBRARY/SHOW_A_INTERVIEW_2_L3RDS.pro,36,318767361; SHOW_A_INTERVIEW_2_L3RDS; L3RD,2026-02-25,,propres_ssd,high,True,episode_uid not derivable from filename alone; show-letter != episode number
splitscreen,SHOW_A_INTERVIEW_2_SPLITSCREEN,GSR_LIBRARY,Libraries/GSR_LIBRARY/SHOW_A_INTERVIEW_2_SPLITSCREEN.pro,1,318767361; SHOW_A_INTERVIEW_2_SPLITSCREEN,2025-10-14,,propres_ssd,medium,True,episode_uid not derivable from filename alone; show-letter != episode number
lower_third,SHOW_A_KIDDY_CORNER_L3RD,GSR_LIBRARY,Libraries/GSR_LIBRARY/SHOW_A_KIDDY_CORNER_L3RD.pro,10,318767361; SHOW_A_KIDDY_CORNER_L3RD; SEGWAY; L3RD,2026-02-25,,propres_ssd,high,True,episode_uid not derivable from filename alone; show-letter != episode number
splitscreen,SHOW_A_KIDDY_CORNER_SPLITSCREEN,GSR_LIBRARY,Libraries/GSR_LIBRARY/SHOW_A_KIDDY_CORNER_SPLITSCREEN.pro,1,318767361; SHOW_A_KIDDY_CORNER_SPLITSCREEN,2026-05-28,,propres_ssd,medium,True,episode_uid not derivable from filename alone; show-letter != episode number
lower_third,SHOW_A_MINISTRY_UPDATE_L3RD,GSR_LIBRARY,Libraries/GSR_LIBRARY/SHOW_A_MINISTRY_UPDATE_L3RD.pro,16,318767361; SHOW_A_MINISTRY_UPDATE_L3RD; L3RD,2026-05-28,,propres_ssd,high,True,episode_uid not derivable from filename alone; show-letter != episode number
splitscreen,SHOW_A_MINISTRY_UPDATE_SPLITSCREEN,GSR_LIBRARY,Libraries/GSR_LIBRARY/SHOW_A_MINISTRY_UPDATE_SPLITSCREEN.pro,1,318767361; SHOW_A_MINISTRY_UPDATE_SPLITSCREEN,2026-05-28,,propres_ssd,high,True,episode_uid not derivable from filename alone; show-letter != episode number
lower_third,SHOW_A_OPENING_MONOLOGUE_L3RD,GSR_LIBRARY,Libraries/GSR_LIBRARY/SHOW_A_OPENING_MONOLOGUE_L3RD.pro,34,318767361; SHOW_A_OPENING_MONOLOGUE_L3RD; L3RD; ONE-ON-ONE PREVIEW,2026-05-27,,propres_ssd,high,True,episode_uid not derivable from filename alone; show-letter != episode number
splitscreen,SHOW_A_OPENING_MONOLOGUE_SPLITSCREEN,GSR_LIBRARY,Libraries/GSR_LIBRARY/SHOW_A_OPENING_MONOLOGUE_SPLITSCREEN.pro,2,318767361; SHOW_A_OPENING_MONOLOGUE_SPLITSCREEN,2026-05-22,,propres_ssd,high,True,episode_uid not derivable from filename alone; show-letter != episode number
title,SHOW_A_OPENING_MONOLOGUE_TITLE,GSR_LIBRARY,Libraries/GSR_LIBRARY/SHOW_A_OPENING_MONOLOGUE_TITLE.pro,1,318767361; SHOW_A_OPENING_MONOLOGUE_TITLE,2026-05-27,,propres_ssd,medium,True,episode_uid not derivable from filename alone; show-letter != episode number
lower_third,SHOW_A_QA_L3RD,GSR_LIBRARY,Libraries/GSR_LIBRARY/SHOW_A_QA_L3RD.pro,14,318767361; SHOW_A_QA_L3RD; SEGWAY; 1 L3RD,2026-02-10,,propres_ssd,high,True,episode_uid not derivable from filename alone; show-letter != episode number
splitscreen,SHOW_A_QA_SPLITSCREENS,GSR_LIBRARY,Libraries/GSR_LIBRARY/SHOW_A_QA_SPLITSCREENS.pro,1,318767361; SHOW_A_QA_SPLITSCREENS,2026-05-28,,propres_ssd,medium,True,episode_uid not derivable from filename alone; show-letter != episode number
presentation,SHOW_A_SEGWAY,GSR_LIBRARY,Libraries/GSR_LIBRARY/SHOW_A_SEGWAY.pro,1,318767361; SHOW_A_SEGWAY,2026-02-09,,propres_ssd,medium,True,episode_uid not derivable from filename alone; show-letter != episode number
lower_third,SHOW_A_VIEWER_VOICES_L3RD,GSR_LIBRARY,Libraries/GSR_LIBRARY/SHOW_A_VIEWER_VOICES_L3RD.pro,6,318767361; SHOW_A_VIEWER_VOICES_L3RD; 1 L3RD,2026-03-24,,propres_ssd,high,True,episode_uid not derivable from filename alone; show-letter != episode number
splitscreen,SHOW_A_VIEWER_VOICES_SPLITSCREEN,GSR_LIBRARY,Libraries/GSR_LIBRARY/SHOW_A_VIEWER_VOICES_SPLITSCREEN.pro,1,318767361; SHOW_A_VIEWER_VOICES_SPLITSCREEN,2026-05-20,,propres_ssd,medium,True,episode_uid not derivable from filename alone; show-letter != episode number
lower_third,SHOW_A_VV_L3RDs,GSR_LIBRARY,Libraries/GSR_LIBRARY/SHOW_A_VV_L3RDs.pro,6,318767361; 1 L3RD,2026-03-24,,propres_ssd,high,True,episode_uid not derivable from filename alone; show-letter != episode number
video,SHOW_B_COMMERCIAL_PROMO_1,GSR_LIBRARY,Libraries/GSR_LIBRARY/SHOW_B_COMMERCIAL_PROMO_1.pro,1,302055490; SHOW_B_COMMERCIAL_PROMO_1,2025-02-07,,propres_ssd,high,True,episode_uid not derivable from filename alone; show-letter != episode number
video,SHOW_B_COMMERCIAL_PROMO_2,GSR_LIBRARY,Libraries/GSR_LIBRARY/SHOW_B_COMMERCIAL_PROMO_2.pro,1,302055490; SHOW_B_COMMERCIAL_PROMO_2,2025-02-07,,propres_ssd,high,True,episode_uid not derivable from filename alone; show-letter != episode number
lower_third,SHOW_B_FEATURED_RESOURCE_L3RDS,GSR_LIBRARY,Libraries/GSR_LIBRARY/SHOW_B_FEATURED_RESOURCE_L3RDS.pro,10,318767361; SHOW_B_FEATURED_RESOURCE_L3RDS; L3RD; ONE-ON-ONE PREVIEW,2026-04-29,,propres_ssd,high,True,episode_uid not derivable from filename alone; show-letter != episode number
splitscreen,SHOW_B_FEATURED_RESOURCE_SPLITSCREEN,GSR_LIBRARY,Libraries/GSR_LIBRARY/SHOW_B_FEATURED_RESOURCE_SPLITSCREEN.pro,1,318767361; SHOW_B_FEATURED_RESOURCE_SPLITSCREEN,2026-05-20,,propres_ssd,medium,True,episode_uid not derivable from filename alone; show-letter != episode number
lower_third,SHOW_B_FR_L3RDs,GSR_LIBRARY,Libraries/GSR_LIBRARY/SHOW_B_FR_L3RDs.pro,6,318767361; 1 L3RD,2026-03-24,,propres_ssd,high,True,episode_uid not derivable from filename alone; show-letter != episode number
presentation,SHOW_B_GSM,GSR_LIBRARY,Libraries/GSR_LIBRARY/SHOW_B_GSM.pro,1,318767361; SHOW_B_GSM,2026-05-20,,propres_ssd,high,True,episode_uid not derivable from filename alone; show-letter != episode number
presentation,SHOW_B_HEAVENS_DECLARE,GSR_LIBRARY,Libraries/GSR_LIBRARY/SHOW_B_HEAVENS_DECLARE.pro,1,318767361; SHOW_B_HEAVENS_DECLARE,2026-05-20,,propres_ssd,high,True,episode_uid not derivable from filename alone; show-letter != episode number
lower_third,SHOW_B_INTERVIEW_1_L3RDS-3,GSR_LIBRARY,Libraries/GSR_LIBRARY/SHOW_B_INTERVIEW_1_L3RDS-3.pro,8,302055490; SHOW_B_INTERVIEW_1_L3RDS-3; L3RD,2025-01-28,,propres_ssd,high,True,episode_uid not derivable from filename alone; show-letter != episode number
lower_third,SHOW_B_INTERVIEW_1_L3RDS,GSR_LIBRARY,Libraries/GSR_LIBRARY/SHOW_B_INTERVIEW_1_L3RDS.pro,20,318767361; SHOW_B_INTERVIEW_1_L3RDS; L3RD,2026-05-29,,propres_ssd,high,True,episode_uid not derivable from filename alone; show-letter != episode number
splitscreen,SHOW_B_INTERVIEW_1_SPLITSCREEN,GSR_LIBRARY,Libraries/GSR_LIBRARY/SHOW_B_INTERVIEW_1_SPLITSCREEN.pro,3,318767361; SHOW_B_INTERVIEW_1_SPLITSCREEN,2026-05-29,,propres_ssd,high,True,episode_uid not derivable from filename alone; show-letter != episode number
lower_third,SHOW_B_INTERVIEW_2_L3RDS,GSR_LIBRARY,Libraries/GSR_LIBRARY/SHOW_B_INTERVIEW_2_L3RDS.pro,18,318767361; SHOW_B_INTERVIEW_2_L3RDS; L3RD,2025-09-16,,propres_ssd,high,True,episode_uid not derivable from filename alone; show-letter != episode number
splitscreen,SHOW_B_INTERVIEW_2_SPLITSCREEN,GSR_LIBRARY,Libraries/GSR_LIBRARY/SHOW_B_INTERVIEW_2_SPLITSCREEN.pro,1,318767361; SHOW_B_INTERVIEW_2_SPLITSCREEN,2025-09-15,,propres_ssd,medium,True,episode_uid not derivable from filename alone; show-letter != episode number
lower_third,SHOW_B_KC_L3RDs,GSR_LIBRARY,Libraries/GSR_LIBRARY/SHOW_B_KC_L3RDs.pro,6,318767361; L3RD,2026-03-24,,propres_ssd,high,True,episode_uid not derivable from filename alone; show-letter != episode number
lower_third,SHOW_B_KIDDY_CORNER_L3RD,GSR_LIBRARY,Libraries/GSR_LIBRARY/SHOW_B_KIDDY_CORNER_L3RD.pro,12,318767361; SHOW_B_KIDDY_CORNER_L3RD; L3RD; POST_THD_L3RD,2025-10-14,,propres_ssd,high,True,episode_uid not derivable from filename alone; show-letter != episode number
splitscreen,SHOW_B_KIDDY_CORNER_SPLITSCREEN,GSR_LIBRARY,Libraries/GSR_LIBRARY/SHOW_B_KIDDY_CORNER_SPLITSCREEN.pro,1,318767361; SHOW_B_KIDDY_CORNER_SPLITSCREEN,2026-05-20,,propres_ssd,medium,True,episode_uid not derivable from filename alone; show-letter != episode number
lower_third,SHOW_B_MINISTRY_UPDATE_L3RD,GSR_LIBRARY,Libraries/GSR_LIBRARY/SHOW_B_MINISTRY_UPDATE_L3RD.pro,16,318767361; SHOW_B_MINISTRY_UPDATE_L3RD; L3RD,2026-05-22,,propres_ssd,high,True,episode_uid not derivable from filename alone; show-letter != episode number
splitscreen,SHOW_B_MINISTRY_UPDATE_SPLITSCREEN,GSR_LIBRARY,Libraries/GSR_LIBRARY/SHOW_B_MINISTRY_UPDATE_SPLITSCREEN.pro,1,318767361; SHOW_B_MINISTRY_UPDATE_SPLITSCREEN,2026-05-28,,propres_ssd,high,True,episode_uid not derivable from filename alone; show-letter != episode number
lower_third,SHOW_B_OPENING_MONOLOGUE_L3RD,GSR_LIBRARY,Libraries/GSR_LIBRARY/SHOW_B_OPENING_MONOLOGUE_L3RD.pro,34,318767361; SHOW_B_OPENING_MONOLOGUE_L3RD; L3RD; ONE-ON-ONE PREVIEW,2026-05-27,,propres_ssd,high,True,episode_uid not derivable from filename alone; show-letter != episode number
splitscreen,SHOW_B_OPENING_MONOLOGUE_SPLITSCREEN,GSR_LIBRARY,Libraries/GSR_LIBRARY/SHOW_B_OPENING_MONOLOGUE_SPLITSCREEN.pro,2,318767361; SHOW_B_OPENING_MONOLOGUE_SPLITSCREEN,2026-05-28,,propres_ssd,high,True,episode_uid not derivable from filename alone; show-letter != episode number
title,SHOW_B_OPENING_MONOLOGUE_TITLE,GSR_LIBRARY,Libraries/GSR_LIBRARY/SHOW_B_OPENING_MONOLOGUE_TITLE.pro,1,318767361; SHOW_B_OPENING_MONOLOGUE_TITLE,2026-05-28,,propres_ssd,medium,True,episode_uid not derivable from filename alone; show-letter != episode number
lower_third,SHOW_B_QA_L3RD,GSR_LIBRARY,Libraries/GSR_LIBRARY/SHOW_B_QA_L3RD.pro,8,318767361; SHOW_B_QA_L3RD; 1 L3RD,2026-03-24,,propres_ssd,high,True,episode_uid not derivable from filename alone; show-letter != episode number
splitscreen,SHOW_B_QA_SPLITSCREENS,GSR_LIBRARY,Libraries/GSR_LIBRARY/SHOW_B_QA_SPLITSCREENS.pro,1,318767361; SHOW_B_QA_SPLITSCREENS,2026-05-20,,propres_ssd,medium,True,episode_uid not derivable from filename alone; show-letter != episode number
lower_third,SHOW_B_VIEWER_VOICES_L3RD,GSR_LIBRARY,Libraries/GSR_LIBRARY/SHOW_B_VIEWER_VOICES_L3RD.pro,6,318767361; SHOW_B_VIEWER_VOICES_L3RD; 1 L3RD,2026-05-20,,propres_ssd,high,True,episode_uid not derivable from filename alone; show-letter != episode number
splitscreen,SHOW_B_VIEWER_VOICES_SPLITSCREEN,GSR_LIBRARY,Libraries/GSR_LIBRARY/SHOW_B_VIEWER_VOICES_SPLITSCREEN.pro,1,318767361; SHOW_B_VIEWER_VOICES_SPLITSCREEN,2026-05-20,,propres_ssd,medium,True,episode_uid not derivable from filename alone; show-letter != episode number
video,SHOW_C_COMMERCIAL_PROMO_1,GSR_LIBRARY,Libraries/GSR_LIBRARY/SHOW_C_COMMERCIAL_PROMO_1.pro,1,302055490; SHOW_C_COMMERCIAL_PROMO_1,2025-02-07,,propres_ssd,high,True,episode_uid not derivable from filename alone; show-letter != episode number
video,SHOW_C_COMMERCIAL_PROMO_2,GSR_LIBRARY,Libraries/GSR_LIBRARY/SHOW_C_COMMERCIAL_PROMO_2.pro,1,302055490; SHOW_C_COMMERCIAL_PROMO_2,2025-02-07,,propres_ssd,high,True,episode_uid not derivable from filename alone; show-letter != episode number
lower_third,SHOW_C_FEATURED_RESOURCE_L3RDS,GSR_LIBRARY,Libraries/GSR_LIBRARY/SHOW_C_FEATURED_RESOURCE_L3RDS.pro,10,318767361; SHOW_C_FEATURED_RESOURCE_L3RDS; ONE-ON-ONE PREVIEW; L3RD,2026-04-29,,propres_ssd,high,True,episode_uid not derivable from filename alone; show-letter != episode number
splitscreen,SHOW_C_FEATURED_RESOURCE_SPLITSCREEN,GSR_LIBRARY,Libraries/GSR_LIBRARY/SHOW_C_FEATURED_RESOURCE_SPLITSCREEN.pro,1,318767361; SHOW_C_FEATURED_RESOURCE_SPLITSCREEN,2026-05-20,,propres_ssd,medium,True,episode_uid not derivable from filename alone; show-letter != episode number
presentation,SHOW_C_GSM,GSR_LIBRARY,Libraries/GSR_LIBRARY/SHOW_C_GSM.pro,1,318767361; SHOW_C_GSM,2026-05-28,,propres_ssd,high,True,episode_uid not derivable from filename alone; show-letter != episode number
presentation,SHOW_C_HEAVENS_DECLARE,GSR_LIBRARY,Libraries/GSR_LIBRARY/SHOW_C_HEAVENS_DECLARE.pro,1,318767361; SHOW_C_HEAVENS_DECLARE,2026-05-20,,propres_ssd,high,True,episode_uid not derivable from filename alone; show-letter != episode number
lower_third,SHOW_C_INTERVIEW_1_L3RDS,GSR_LIBRARY,Libraries/GSR_LIBRARY/SHOW_C_INTERVIEW_1_L3RDS.pro,26,318767361; SHOW_C_INTERVIEW_1_L3RDS; L3RD,2026-05-27,,propres_ssd,high,True,episode_uid not derivable from filename alone; show-letter != episode number
splitscreen,SHOW_C_INTERVIEW_1_SPLITSCREEN,GSR_LIBRARY,Libraries/GSR_LIBRARY/SHOW_C_INTERVIEW_1_SPLITSCREEN.pro,1,318767361; SHOW_C_INTERVIEW_1_SPLITSCREEN,2026-05-29,,propres_ssd,medium,True,episode_uid not derivable from filename alone; show-letter != episode number
lower_third,SHOW_C_INTERVIEW_2_L3RDS,GSR_LIBRARY,Libraries/GSR_LIBRARY/SHOW_C_INTERVIEW_2_L3RDS.pro,26,318767361; SHOW_C_INTERVIEW_2_L3RDS; L3RD,2025-10-15,,propres_ssd,high,True,episode_uid not derivable from filename alone; show-letter != episode number
splitscreen,SHOW_C_INTERVIEW_2_SPLITSCREEN,GSR_LIBRARY,Libraries/GSR_LIBRARY/SHOW_C_INTERVIEW_2_SPLITSCREEN.pro,2,318767361; SHOW_C_INTERVIEW_2_SPLITSCREEN; JPG,2025-10-15,,propres_ssd,medium,True,episode_uid not derivable from filename alone; show-letter != episode number
lower_third,SHOW_C_KIDDY_CORNER_L3RD,GSR_LIBRARY,Libraries/GSR_LIBRARY/SHOW_C_KIDDY_CORNER_L3RD.pro,8,318767361; SHOW_C_KIDDY_CORNER_L3RD; L3RD; POST_THD_L3RD,2025-10-31,,propres_ssd,high,True,episode_uid not derivable from filename alone; show-letter != episode number
splitscreen,SHOW_C_KIDDY_CORNER_SPLITSCREEN,GSR_LIBRARY,Libraries/GSR_LIBRARY/SHOW_C_KIDDY_CORNER_SPLITSCREEN.pro,1,318767361; SHOW_C_KIDDY_CORNER_SPLITSCREEN,2026-05-20,,propres_ssd,medium,True,episode_uid not derivable from filename alone; show-letter != episode number
lower_third,SHOW_C_MINISTRY_UPDATE_L3RD,GSR_LIBRARY,Libraries/GSR_LIBRARY/SHOW_C_MINISTRY_UPDATE_L3RD.pro,16,318767361; SHOW_C_MINISTRY_UPDATE_L3RD; L3RD,2026-05-22,,propres_ssd,high,True,episode_uid not derivable from filename alone; show-letter != episode number
splitscreen,SHOW_C_MINISTRY_UPDATE_SPLITSCREEN,GSR_LIBRARY,Libraries/GSR_LIBRARY/SHOW_C_MINISTRY_UPDATE_SPLITSCREEN.pro,1,318767361; SHOW_C_MINISTRY_UPDATE_SPLITSCREEN,2026-05-28,,propres_ssd,high,True,episode_uid not derivable from filename alone; show-letter != episode number
lower_third,SHOW_C_OPENING_MONOLOGUE_L3RD,GSR_LIBRARY,Libraries/GSR_LIBRARY/SHOW_C_OPENING_MONOLOGUE_L3RD.pro,32,318767361; SHOW_C_OPENING_MONOLOGUE_L3RD; ONE-ON-ONE PREVIEW; L3RD,2026-05-27,,propres_ssd,high,True,episode_uid not derivable from filename alone; show-letter != episode number
splitscreen,SHOW_C_OPENING_MONOLOGUE_SPLITSCREEN,GSR_LIBRARY,Libraries/GSR_LIBRARY/SHOW_C_OPENING_MONOLOGUE_SPLITSCREEN.pro,1,318767361; SHOW_C_OPENING_MONOLOGUE_SPLITSCREEN,2026-05-28,,propres_ssd,medium,True,episode_uid not derivable from filename alone; show-letter != episode number
title,SHOW_C_OPENING_MONOLOGUE_TITLE,GSR_LIBRARY,Libraries/GSR_LIBRARY/SHOW_C_OPENING_MONOLOGUE_TITLE.pro,1,318767361; SHOW_C_OPENING_MONOLOGUE_TITLE,2026-05-28,,propres_ssd,medium,True,episode_uid not derivable from filename alone; show-letter != episode number
lower_third,SHOW_C_QA_L3RD,GSR_LIBRARY,Libraries/GSR_LIBRARY/SHOW_C_QA_L3RD.pro,8,318767361; SHOW_C_QA_L3RD; 1 L3RD,2026-03-24,,propres_ssd,high,True,episode_uid not derivable from filename alone; show-letter != episode number
splitscreen,SHOW_C_QA_SPLITSCREENS,GSR_LIBRARY,Libraries/GSR_LIBRARY/SHOW_C_QA_SPLITSCREENS.pro,1,318767361; SHOW_C_QA_SPLITSCREENS,2026-05-20,,propres_ssd,medium,True,episode_uid not derivable from filename alone; show-letter != episode number
lower_third,SHOW_C_VIEWER_VOICES_L3RD,GSR_LIBRARY,Libraries/GSR_LIBRARY/SHOW_C_VIEWER_VOICES_L3RD.pro,6,318767361; SHOW_C_VIEWER_VOICES_L3RD; 1 L3RD,2026-03-24,,propres_ssd,high,True,episode_uid not derivable from filename alone; show-letter != episode number
splitscreen,SHOW_C_VIEWER_VOICES_SPLITSCREEN,GSR_LIBRARY,Libraries/GSR_LIBRARY/SHOW_C_VIEWER_VOICES_SPLITSCREEN.pro,1,318767361; SHOW_C_VIEWER_VOICES_SPLITSCREEN,2026-05-20,,propres_ssd,medium,True,episode_uid not derivable from filename alone; show-letter != episode number
video,SHOW_D_COMMERCIAL_PROMO_1,GSR_LIBRARY,Libraries/GSR_LIBRARY/SHOW_D_COMMERCIAL_PROMO_1.pro,1,302055490; SHOW_D_COMMERCIAL_PROMO_1,2025-02-07,,propres_ssd,high,True,episode_uid not derivable from filename alone; show-letter != episode number
video,SHOW_D_COMMERCIAL_PROMO_2,GSR_LIBRARY,Libraries/GSR_LIBRARY/SHOW_D_COMMERCIAL_PROMO_2.pro,1,302055490; SHOW_D_COMMERCIAL_PROMO_2,2025-02-07,,propres_ssd,high,True,episode_uid not derivable from filename alone; show-letter != episode number
lower_third,SHOW_D_FEATURED_RESOURCE_L3RDS,GSR_LIBRARY,Libraries/GSR_LIBRARY/SHOW_D_FEATURED_RESOURCE_L3RDS.pro,8,318767361; SHOW_D_FEATURED_RESOURCE_L3RDS; L3RD,2026-03-30,,propres_ssd,high,True,episode_uid not derivable from filename alone; show-letter != episode number
splitscreen,SHOW_D_FEATURED_RESOURCE_SPLITSCREEN,GSR_LIBRARY,Libraries/GSR_LIBRARY/SHOW_D_FEATURED_RESOURCE_SPLITSCREEN.pro,1,318767361; SHOW_D_FEATURED_RESOURCE_SPLITSCREEN,2026-05-20,,propres_ssd,medium,True,episode_uid not derivable from filename alone; show-letter != episode number
presentation,SHOW_D_GSM,GSR_LIBRARY,Libraries/GSR_LIBRARY/SHOW_D_GSM.pro,1,318767361; SHOW_D_GSM,2026-05-20,,propres_ssd,high,True,episode_uid not derivable from filename alone; show-letter != episode number
presentation,SHOW_D_HEAVENS_DECLARE-1,GSR_LIBRARY,Libraries/GSR_LIBRARY/SHOW_D_HEAVENS_DECLARE-1.pro,1,318767361; SHOW_D_HEAVENS_DECLARE-1,2026-02-26,,propres_ssd,high,True,episode_uid not derivable from filename alone; show-letter != episode number
presentation,SHOW_D_HEAVENS_DECLARE,GSR_LIBRARY,Libraries/GSR_LIBRARY/SHOW_D_HEAVENS_DECLARE.pro,1,318767361; SHOW_D_HEAVENS_DECLARE,2026-05-20,,propres_ssd,high,True,episode_uid not derivable from filename alone; show-letter != episode number
lower_third,SHOW_D_INTERVIEW_1_L3RDS,GSR_LIBRARY,Libraries/GSR_LIBRARY/SHOW_D_INTERVIEW_1_L3RDS.pro,6,318767361; SHOW_D_INTERVIEW_1_L3RDS; L3RD,2026-05-27,,propres_ssd,high,True,episode_uid not derivable from filename alone; show-letter != episode number
splitscreen,SHOW_D_INTERVIEW_1_SPLITSCREEN,GSR_LIBRARY,Libraries/GSR_LIBRARY/SHOW_D_INTERVIEW_1_SPLITSCREEN.pro,1,318767361; SHOW_D_INTERVIEW_1_SPLITSCREEN,2026-05-28,,propres_ssd,medium,True,episode_uid not derivable from filename alone; show-letter != episode number
lower_third,SHOW_D_INTERVIEW_2_L3RDS,GSR_LIBRARY,Libraries/GSR_LIBRARY/SHOW_D_INTERVIEW_2_L3RDS.pro,24,318767361; SHOW_D_INTERVIEW_2_L3RDS; L3RD,2026-05-20,,propres_ssd,high,True,episode_uid not derivable from filename alone; show-letter != episode number
splitscreen,SHOW_D_INTERVIEW_2_SPLITSCREEN,GSR_LIBRARY,Libraries/GSR_LIBRARY/SHOW_D_INTERVIEW_2_SPLITSCREEN.pro,1,318767361; SHOW_D_INTERVIEW_2_SPLITSCREEN,2026-05-20,,propres_ssd,medium,True,episode_uid not derivable from filename alone; show-letter != episode number
lower_third,SHOW_D_KIDDY_CORNER_L3RD,GSR_LIBRARY,Libraries/GSR_LIBRARY/SHOW_D_KIDDY_CORNER_L3RD.pro,4,318767361; SHOW_D_KIDDY_CORNER_L3RD; L3RD,2026-02-09,,propres_ssd,high,True,episode_uid not derivable from filename alone; show-letter != episode number
splitscreen,SHOW_D_KIDDY_CORNER_SPLITSCREEN,GSR_LIBRARY,Libraries/GSR_LIBRARY/SHOW_D_KIDDY_CORNER_SPLITSCREEN.pro,1,318767361; SHOW_D_KIDDY_CORNER_SPLITSCREEN,2026-05-20,,propres_ssd,medium,True,episode_uid not derivable from filename alone; show-letter != episode number
lower_third,SHOW_D_MINISTRY_UPDATE_L3RD,GSR_LIBRARY,Libraries/GSR_LIBRARY/SHOW_D_MINISTRY_UPDATE_L3RD.pro,16,318767361; SHOW_D_MINISTRY_UPDATE_L3RD; L3RD,2026-05-22,,propres_ssd,high,True,episode_uid not derivable from filename alone; show-letter != episode number
splitscreen,SHOW_D_MINISTRY_UPDATE_SPLITSCREEN,GSR_LIBRARY,Libraries/GSR_LIBRARY/SHOW_D_MINISTRY_UPDATE_SPLITSCREEN.pro,1,318767361; SHOW_D_MINISTRY_UPDATE_SPLITSCREEN,2026-05-28,,propres_ssd,high,True,episode_uid not derivable from filename alone; show-letter != episode number
lower_third,SHOW_D_OPENING_MONOLOGUE_L3RD,GSR_LIBRARY,Libraries/GSR_LIBRARY/SHOW_D_OPENING_MONOLOGUE_L3RD.pro,30,318767361; SHOW_D_OPENING_MONOLOGUE_L3RD; L3RD,2026-05-28,,propres_ssd,high,True,episode_uid not derivable from filename alone; show-letter != episode number
splitscreen,SHOW_D_OPENING_MONOLOGUE_SPLITSCREEN,GSR_LIBRARY,Libraries/GSR_LIBRARY/SHOW_D_OPENING_MONOLOGUE_SPLITSCREEN.pro,1,318767361; SHOW_D_OPENING_MONOLOGUE_SPLITSCREEN,2026-05-28,,propres_ssd,medium,True,episode_uid not derivable from filename alone; show-letter != episode number
title,SHOW_D_OPENING_MONOLOGUE_TITLE,GSR_LIBRARY,Libraries/GSR_LIBRARY/SHOW_D_OPENING_MONOLOGUE_TITLE.pro,1,318767361; SHOW_D_OPENING_MONOLOGUE_TITLE,2026-05-20,,propres_ssd,medium,True,episode_uid not derivable from filename alone; show-letter != episode number
lower_third,SHOW_D_QA_L3RD,GSR_LIBRARY,Libraries/GSR_LIBRARY/SHOW_D_QA_L3RD.pro,8,318767361; SHOW_D_QA_L3RD; 1 L3RD,2026-03-24,,propres_ssd,high,True,episode_uid not derivable from filename alone; show-letter != episode number
splitscreen,SHOW_D_QA_SPLITSCREENS,GSR_LIBRARY,Libraries/GSR_LIBRARY/SHOW_D_QA_SPLITSCREENS.pro,1,318767361; SHOW_D_QA_SPLITSCREENS,2026-05-20,,propres_ssd,medium,True,episode_uid not derivable from filename alone; show-letter != episode number
lower_third,SHOW_D_VIEWER_VOICES_L3RD,GSR_LIBRARY,Libraries/GSR_LIBRARY/SHOW_D_VIEWER_VOICES_L3RD.pro,6,318767361; SHOW_D_VIEWER_VOICES_L3RD; 1 L3RD,2026-04-29,,propres_ssd,high,True,episode_uid not derivable from filename alone; show-letter != episode number
splitscreen,SHOW_D_VIEWER_VOICES_SPLITSCREEN,GSR_LIBRARY,Libraries/GSR_LIBRARY/SHOW_D_VIEWER_VOICES_SPLITSCREEN.pro,1,318767361; SHOW_D_VIEWER_VOICES_SPLITSCREEN,2026-05-20,,propres_ssd,medium,True,episode_uid not derivable from filename alone; show-letter != episode number
video,SHOW_E_COMMERCIAL_PROMO_1,GSR_LIBRARY,Libraries/GSR_LIBRARY/SHOW_E_COMMERCIAL_PROMO_1.pro,1,302055490; SHOW_E_COMMERCIAL_PROMO_1,2025-02-07,,propres_ssd,high,True,episode_uid not derivable from filename alone; show-letter != episode number
video,SHOW_E_COMMERCIAL_PROMO_2,GSR_LIBRARY,Libraries/GSR_LIBRARY/SHOW_E_COMMERCIAL_PROMO_2.pro,1,302055490; SHOW_E_COMMERCIAL_PROMO_2,2025-02-07,,propres_ssd,high,True,episode_uid not derivable from filename alone; show-letter != episode number
lower_third,SHOW_E_FEATURED_RESOURCE_L3RDS,GSR_LIBRARY,Libraries/GSR_LIBRARY/SHOW_E_FEATURED_RESOURCE_L3RDS.pro,10,318767361; SHOW_E_FEATURED_RESOURCE_L3RDS; L3RD; ONE-ON-ONE PREVIEW,2026-05-20,,propres_ssd,high,True,episode_uid not derivable from filename alone; show-letter != episode number
splitscreen,SHOW_E_FEATURED_RESOURCE_SPLITSCREEN,GSR_LIBRARY,Libraries/GSR_LIBRARY/SHOW_E_FEATURED_RESOURCE_SPLITSCREEN.pro,1,318767361; SHOW_E_FEATURED_RESOURCE_SPLITSCREEN,2026-05-20,,propres_ssd,medium,True,episode_uid not derivable from filename alone; show-letter != episode number
presentation,SHOW_E_GSM,GSR_LIBRARY,Libraries/GSR_LIBRARY/SHOW_E_GSM.pro,1,318767361; SHOW_E_GSM,2026-05-28,,propres_ssd,high,True,episode_uid not derivable from filename alone; show-letter != episode number
presentation,SHOW_E_HEAVENS_DECLARE,GSR_LIBRARY,Libraries/GSR_LIBRARY/SHOW_E_HEAVENS_DECLARE.pro,1,318767361; SHOW_E_HEAVENS_DECLARE,2026-05-20,,propres_ssd,high,True,episode_uid not derivable from filename alone; show-letter != episode number
lower_third,SHOW_E_INTERVIEW_1_L3RDS,GSR_LIBRARY,Libraries/GSR_LIBRARY/SHOW_E_INTERVIEW_1_L3RDS.pro,34,318767361; SHOW_E_INTERVIEW_1_L3RDS; L3RD,2026-05-20,,propres_ssd,high,True,episode_uid not derivable from filename alone; show-letter != episode number
splitscreen,SHOW_E_INTERVIEW_1_SPLITSCREEN,GSR_LIBRARY,Libraries/GSR_LIBRARY/SHOW_E_INTERVIEW_1_SPLITSCREEN.pro,1,318767361; SHOW_E_INTERVIEW_1_SPLITSCREEN,2026-05-20,,propres_ssd,medium,True,episode_uid not derivable from filename alone; show-letter != episode number
lower_third,SHOW_E_INTERVIEW_2_L3RDS,GSR_LIBRARY,Libraries/GSR_LIBRARY/SHOW_E_INTERVIEW_2_L3RDS.pro,34,318767361; SHOW_E_INTERVIEW_2_L3RDS; L3RD,2026-05-20,,propres_ssd,high,True,episode_uid not derivable from filename alone; show-letter != episode number
splitscreen,SHOW_E_INTERVIEW_2_SPLITSCREEN,GSR_LIBRARY,Libraries/GSR_LIBRARY/SHOW_E_INTERVIEW_2_SPLITSCREEN.pro,1,318767361; SHOW_E_INTERVIEW_2_SPLITSCREEN,2026-05-20,,propres_ssd,medium,True,episode_uid not derivable from filename alone; show-letter != episode number
lower_third,SHOW_E_KIDDY_CORNER_L3RD,GSR_LIBRARY,Libraries/GSR_LIBRARY/SHOW_E_KIDDY_CORNER_L3RD.pro,4,318767361; SHOW_E_KIDDY_CORNER_L3RD; L3RD,2026-02-11,,propres_ssd,high,True,episode_uid not derivable from filename alone; show-letter != episode number
splitscreen,SHOW_E_KIDDY_CORNER_SPLITSCREEN,GSR_LIBRARY,Libraries/GSR_LIBRARY/SHOW_E_KIDDY_CORNER_SPLITSCREEN.pro,1,318767361; SHOW_E_KIDDY_CORNER_SPLITSCREEN,2026-04-29,,propres_ssd,medium,True,episode_uid not derivable from filename alone; show-letter != episode number
lower_third,SHOW_E_MINISTRY_UPDATE_L3RD,GSR_LIBRARY,Libraries/GSR_LIBRARY/SHOW_E_MINISTRY_UPDATE_L3RD.pro,16,318767361; SHOW_E_MINISTRY_UPDATE_L3RD; L3RD,2026-05-22,,propres_ssd,high,True,episode_uid not derivable from filename alone; show-letter != episode number
splitscreen,SHOW_E_MINISTRY_UPDATE_SPLITSCREEN,GSR_LIBRARY,Libraries/GSR_LIBRARY/SHOW_E_MINISTRY_UPDATE_SPLITSCREEN.pro,1,318767361; SHOW_E_MINISTRY_UPDATE_SPLITSCREEN,2026-05-28,,propres_ssd,high,True,episode_uid not derivable from filename alone; show-letter != episode number
lower_third,SHOW_E_OPENING_MONOLOGUE_L3RD,GSR_LIBRARY,Libraries/GSR_LIBRARY/SHOW_E_OPENING_MONOLOGUE_L3RD.pro,30,318767361; SHOW_E_OPENING_MONOLOGUE_L3RD; L3RD,2026-05-28,,propres_ssd,high,True,episode_uid not derivable from filename alone; show-letter != episode number
splitscreen,SHOW_E_OPENING_MONOLOGUE_SPLITSCREEN,GSR_LIBRARY,Libraries/GSR_LIBRARY/SHOW_E_OPENING_MONOLOGUE_SPLITSCREEN.pro,4,318767361; SHOW_E_OPENING_MONOLOGUE_SPLITSCREEN,2026-05-28,,propres_ssd,high,True,episode_uid not derivable from filename alone; show-letter != episode number
title,SHOW_E_OPENING_MONOLOGUE_TITLE,GSR_LIBRARY,Libraries/GSR_LIBRARY/SHOW_E_OPENING_MONOLOGUE_TITLE.pro,1,318767361; SHOW_E_OPENING_MONOLOGUE_TITLE,2026-05-20,,propres_ssd,medium,True,episode_uid not derivable from filename alone; show-letter != episode number
lower_third,SHOW_E_QA_L3RD,GSR_LIBRARY,Libraries/GSR_LIBRARY/SHOW_E_QA_L3RD.pro,8,318767361; SHOW_E_QA_L3RD; 1 L3RD,2026-03-24,,propres_ssd,high,True,episode_uid not derivable from filename alone; show-letter != episode number
splitscreen,SHOW_E_QA_SPLITSCREENS,GSR_LIBRARY,Libraries/GSR_LIBRARY/SHOW_E_QA_SPLITSCREENS.pro,1,318767361; SHOW_E_QA_SPLITSCREENS,2026-05-20,,propres_ssd,medium,True,episode_uid not derivable from filename alone; show-letter != episode number
lower_third,SHOW_E_VIEWER_VOICES_L3RD,GSR_LIBRARY,Libraries/GSR_LIBRARY/SHOW_E_VIEWER_VOICES_L3RD.pro,4,318767361; SHOW_E_VIEWER_VOICES_L3RD; 1 L3RD,2026-03-24,,propres_ssd,high,True,episode_uid not derivable from filename alone; show-letter != episode number
splitscreen,SHOW_E_VIEWER_VOICES_SPLITSCREEN,GSR_LIBRARY,Libraries/GSR_LIBRARY/SHOW_E_VIEWER_VOICES_SPLITSCREEN.pro,1,318767361; SHOW_E_VIEWER_VOICES_SPLITSCREEN,2026-05-20,,propres_ssd,medium,True,episode_uid not derivable from filename alone; show-letter != episode number
splitscreen,Splitscreen-1,GSR_LIBRARY,Libraries/GSR_LIBRARY/Splitscreen-1.pro,0,302186513,2025-04-16,,propres_ssd,medium,True,episode_uid not derivable from filename alone; show-letter != episode number
splitscreen,Splitscreen-2,GSR_LIBRARY,Libraries/GSR_LIBRARY/Splitscreen-2.pro,0,318767361,2026-05-20,,propres_ssd,medium,True,episode_uid not derivable from filename alone; show-letter != episode number
splitscreen,Splitscreen-3,GSR_LIBRARY,Libraries/GSR_LIBRARY/Splitscreen-3.pro,0,318767361,2025-10-09,,propres_ssd,medium,True,episode_uid not derivable from filename alone; show-letter != episode number
splitscreen,Splitscreen-4,GSR_LIBRARY,Libraries/GSR_LIBRARY/Splitscreen-4.pro,0,318767361,2026-05-20,,propres_ssd,medium,True,episode_uid not derivable from filename alone; show-letter != episode number
splitscreen,Splitscreen-5,GSR_LIBRARY,Libraries/GSR_LIBRARY/Splitscreen-5.pro,0,318767361,2025-10-17,,propres_ssd,medium,True,episode_uid not derivable from filename alone; show-letter != episode number
splitscreen,Splitscreen-6,GSR_LIBRARY,Libraries/GSR_LIBRARY/Splitscreen-6.pro,0,318767361,2026-04-27,,propres_ssd,medium,True,episode_uid not derivable from filename alone; show-letter != episode number
splitscreen,Splitscreen,GSR_LIBRARY,Libraries/GSR_LIBRARY/Splitscreen.pro,0,302186513,2025-04-15,,propres_ssd,medium,True,episode_uid not derivable from filename alone; show-letter != episode number
lower_third,TEST_Closing_Comments_L3RDs,GSR_LIBRARY,Libraries/GSR_LIBRARY/TEST_Closing_Comments_L3RDs.pro,1,302055490; L3RD 18,2025-01-28,,propres_ssd,high,True,episode_uid not derivable from filename alone; show-letter != episode number
video,TEST_GSR_BUMBER_IN,GSR_LIBRARY,Libraries/GSR_LIBRARY/TEST_GSR_BUMBER_IN.pro,1,302055490; GSR_BUMBER_IN-1,2025-01-28,,propres_ssd,medium,True,episode_uid not derivable from filename alone; show-letter != episode number
video,TEST_GSR_BUMBER_OUT,GSR_LIBRARY,Libraries/GSR_LIBRARY/TEST_GSR_BUMBER_OUT.pro,1,302055490; GSR_BUMBER_OUT-1,2025-01-28,,propres_ssd,medium,True,episode_uid not derivable from filename alone; show-letter != episode number
lower_third,TEST_GSR_L3RD_BACKGROUND,GSR_LIBRARY,Libraries/GSR_LIBRARY/TEST_GSR_L3RD_BACKGROUND.pro,1,302055490; GSR_L3RD_BACKGROUND-1,2025-01-28,,propres_ssd,medium,True,episode_uid not derivable from filename alone; show-letter != episode number
video,TEST_Intro_Video,GSR_LIBRARY,Libraries/GSR_LIBRARY/TEST_Intro_Video.pro,0,302055490,2025-02-05,,propres_ssd,medium,True,episode_uid not derivable from filename alone; show-letter != episode number
video,TEST_Outro,GSR_LIBRARY,Libraries/GSR_LIBRARY/TEST_Outro.pro,0,302055490,2025-01-28,,propres_ssd,medium,True,episode_uid not derivable from filename alone; show-letter != episode number
video,TEST_Outro_loop,GSR_LIBRARY,Libraries/GSR_LIBRARY/TEST_Outro_loop.pro,0,302055490,2025-01-28,,propres_ssd,medium,True,episode_uid not derivable from filename alone; show-letter != episode number
presentation,TEST_SHOW_AD_SEGMENT,GSR_LIBRARY,Libraries/GSR_LIBRARY/TEST_SHOW_AD_SEGMENT.pro,1,302055490; SHARED_SHOW_AD_SEGMENT-1,2025-01-28,,propres_ssd,medium,True,episode_uid not derivable from filename alone; show-letter != episode number
video,TEST_SHOW_COMMERCIAL_PROMO_1,GSR_LIBRARY,Libraries/GSR_LIBRARY/TEST_SHOW_COMMERCIAL_PROMO_1.pro,1,302055490; TEST_SHOW_COMMERCIAL_PROMO_1,2025-02-05,,propres_ssd,medium,True,episode_uid not derivable from filename alone; show-letter != episode number
video,TEST_SHOW_COMMERCIAL_PROMO_2,GSR_LIBRARY,Libraries/GSR_LIBRARY/TEST_SHOW_COMMERCIAL_PROMO_2.pro,1,302055490; TEST_SHOW_COMMERCIAL_PROMO_2,2025-02-05,,propres_ssd,high,True,episode_uid not derivable from filename alone; show-letter != episode number
lower_third,TEST_SHOW_FEATURED_RESOURCE_L3RDS,GSR_LIBRARY,Libraries/GSR_LIBRARY/TEST_SHOW_FEATURED_RESOURCE_L3RDS.pro,2,302055490; SHOW_E_FEATURED_RESOURCE_L3RDS-1; L3RD,2025-01-28,,propres_ssd,high,True,episode_uid not derivable from filename alone; show-letter != episode number
splitscreen,TEST_SHOW_FEATURED_RESOURCE_SPLITSCREEN,GSR_LIBRARY,Libraries/GSR_LIBRARY/TEST_SHOW_FEATURED_RESOURCE_SPLITSCREEN.pro,1,302055490; TEST_SHOW_FEATURED_RESOURCE_SPLITSCREEN,2025-02-03,,propres_ssd,medium,True,episode_uid not derivable from filename alone; show-letter != episode number
presentation,TEST_SHOW_GSM,GSR_LIBRARY,Libraries/GSR_LIBRARY/TEST_SHOW_GSM.pro,1,302055490; TEST_SHOW_GSM,2025-02-04,,propres_ssd,medium,True,episode_uid not derivable from filename alone; show-letter != episode number
presentation,TEST_SHOW_HEAVENS_DECLARE,GSR_LIBRARY,Libraries/GSR_LIBRARY/TEST_SHOW_HEAVENS_DECLARE.pro,1,302055490; TEST_SHOW_HEAVENS_DECLARE,2025-02-04,,propres_ssd,medium,True,episode_uid not derivable from filename alone; show-letter != episode number
lower_third,TEST_SHOW_INTERVIEW_1_L3RDS,GSR_LIBRARY,Libraries/GSR_LIBRARY/TEST_SHOW_INTERVIEW_1_L3RDS.pro,8,302055490; SHOW_E_INTERVIEW_1_L3RDS-1; L3RD,2025-01-28,,propres_ssd,high,True,episode_uid not derivable from filename alone; show-letter != episode number
splitscreen,TEST_SHOW_INTERVIEW_1_SPLITSCREEN,GSR_LIBRARY,Libraries/GSR_LIBRARY/TEST_SHOW_INTERVIEW_1_SPLITSCREEN.pro,1,302055490; TEST_SHOW_INTERVIEW_1_SPLITSCREEN,2025-02-05,,propres_ssd,medium,True,episode_uid not derivable from filename alone; show-letter != episode number
lower_third,TEST_SHOW_INTERVIEW_2_L3RDS,GSR_LIBRARY,Libraries/GSR_LIBRARY/TEST_SHOW_INTERVIEW_2_L3RDS.pro,8,302055490; SHOW_E_INTERVIEW_2_L3RDS-1; L3RD,2025-01-28,,propres_ssd,high,True,episode_uid not derivable from filename alone; show-letter != episode number
splitscreen,TEST_SHOW_INTERVIEW_2_SPLITSCREEN,GSR_LIBRARY,Libraries/GSR_LIBRARY/TEST_SHOW_INTERVIEW_2_SPLITSCREEN.pro,1,302055490; TEST_SHOW_INTERVIEW_2_SPLITSCREEN,2025-02-05,,propres_ssd,medium,True,episode_uid not derivable from filename alone; show-letter != episode number
lower_third,TEST_SHOW_KIDDY_CORNER_L3RD,GSR_LIBRARY,Libraries/GSR_LIBRARY/TEST_SHOW_KIDDY_CORNER_L3RD.pro,2,302055490; SHOW_E_KIDDY_CORNER_L3RD-1; L3RD,2025-01-28,,propres_ssd,high,True,episode_uid not derivable from filename alone; show-letter != episode number
splitscreen,TEST_SHOW_KIDDY_CORNER_SPLITSCREEN,GSR_LIBRARY,Libraries/GSR_LIBRARY/TEST_SHOW_KIDDY_CORNER_SPLITSCREEN.pro,1,302055490; TEST_SHOW_KIDDY_CORNER_SPLITSCREEN,2025-02-04,,propres_ssd,medium,True,episode_uid not derivable from filename alone; show-letter != episode number
lower_third,TEST_SHOW_MINISTRY_UPDATE_L3RD,GSR_LIBRARY,Libraries/GSR_LIBRARY/TEST_SHOW_MINISTRY_UPDATE_L3RD.pro,12,302055490; TEST_SHOW_MINISTRY_UPDATE_L3RD; L3RD; POST_THD_L3RD,2025-02-27,,propres_ssd,high,True,episode_uid not derivable from filename alone; show-letter != episode number
splitscreen,TEST_SHOW_MINISTRY_UPDATE_SPLITSCREEN,GSR_LIBRARY,Libraries/GSR_LIBRARY/TEST_SHOW_MINISTRY_UPDATE_SPLITSCREEN.pro,1,302055490; TEST_SHOW_MINISTRY_UPDATE_SPLITSCREEN,2025-02-05,,propres_ssd,medium,True,episode_uid not derivable from filename alone; show-letter != episode number
lower_third,TEST_SHOW_OPENING_MONOLOGUE_L3RD,GSR_LIBRARY,Libraries/GSR_LIBRARY/TEST_SHOW_OPENING_MONOLOGUE_L3RD.pro,8,302055490; SHOW_E_OPENING_MONOLOGUE_L3RD-1; L3RD,2025-01-28,,propres_ssd,high,True,episode_uid not derivable from filename alone; show-letter != episode number
splitscreen,TEST_SHOW_OPENING_MONOLOGUE_SPLITSCREEN,GSR_LIBRARY,Libraries/GSR_LIBRARY/TEST_SHOW_OPENING_MONOLOGUE_SPLITSCREEN.pro,1,302055490; TEST_SHOW_OPENING_MONOLOGUE_SPLITSCREEN,2025-02-05,,propres_ssd,medium,True,episode_uid not derivable from filename alone; show-letter != episode number
title,TEST_SHOW_OPENING_MONOLOGUE_TITLE,GSR_LIBRARY,Libraries/GSR_LIBRARY/TEST_SHOW_OPENING_MONOLOGUE_TITLE.pro,1,302055490; TEST_SHOW_OPENING_MONOLOGUE_TITLE,2025-03-04,,propres_ssd,medium,True,episode_uid not derivable from filename alone; show-letter != episode number
lower_third,TEST_SHOW_QA_L3RD,GSR_LIBRARY,Libraries/GSR_LIBRARY/TEST_SHOW_QA_L3RD.pro,6,302055490; SHOW_E_QA_L3RD-1; 1 L3RD; 2 L3RD,2025-01-28,,propres_ssd,high,True,episode_uid not derivable from filename alone; show-letter != episode number
splitscreen,TEST_SHOW_QA_SPLITSCREENS,GSR_LIBRARY,Libraries/GSR_LIBRARY/TEST_SHOW_QA_SPLITSCREENS.pro,1,302055490; SHOW_E_QA_SPLITSCREENS-1,2025-01-28,,propres_ssd,high,True,episode_uid not derivable from filename alone; show-letter != episode number
lower_third,TEST_SHOW_VIEWER_VOICES_L3RD,GSR_LIBRARY,Libraries/GSR_LIBRARY/TEST_SHOW_VIEWER_VOICES_L3RD.pro,6,302055490; SHOW_E_VIEWER_VOICES_L3RD-1; 1 L3RD,2025-01-28,,propres_ssd,high,True,episode_uid not derivable from filename alone; show-letter != episode number
splitscreen,TEST_SHOW_VIEWER_VOICES_SPLITSCREEN,GSR_LIBRARY,Libraries/GSR_LIBRARY/TEST_SHOW_VIEWER_VOICES_SPLITSCREEN.pro,2,302055490; SHOW_E_VIEWER_VOICES_SPLITSCREEN-1,2025-01-28,,propres_ssd,high,True,episode_uid not derivable from filename alone; show-letter != episode number
presentation,TEST_TRANSITION_COMMENT_CORNER,GSR_LIBRARY,Libraries/GSR_LIBRARY/TEST_TRANSITION_COMMENT_CORNER.pro,1,302055490; TRANSITION_COMMENT_CORNER-1,2025-01-28,,propres_ssd,medium,True,episode_uid not derivable from filename alone; show-letter != episode number
presentation,TEST_TRANSITION_FEATURED_RESOURCE,GSR_LIBRARY,Libraries/GSR_LIBRARY/TEST_TRANSITION_FEATURED_RESOURCE.pro,1,302055490; TRANSITION_FEATURED_RESOURCE-1,2025-01-28,,propres_ssd,medium,True,episode_uid not derivable from filename alone; show-letter != episode number
presentation,TEST_TRANSITION_INTERVIEW_1,GSR_LIBRARY,Libraries/GSR_LIBRARY/TEST_TRANSITION_INTERVIEW_1.pro,1,302055490; TRANSITION_INTERVIEW_1-1,2025-01-28,,propres_ssd,medium,True,episode_uid not derivable from filename alone; show-letter != episode number
presentation,TEST_TRANSITION_INTERVIEW_2,GSR_LIBRARY,Libraries/GSR_LIBRARY/TEST_TRANSITION_INTERVIEW_2.pro,1,302055490; TRANSITION_INTERVIEW_2-1,2025-01-28,,propres_ssd,medium,True,episode_uid not derivable from filename alone; show-letter != episode number
presentation,TEST_TRANSITION_KIDDY_CORNER,GSR_LIBRARY,Libraries/GSR_LIBRARY/TEST_TRANSITION_KIDDY_CORNER.pro,1,302055490; TRANSITION_KIDDY_CORNER-1,2025-01-28,,propres_ssd,medium,True,episode_uid not derivable from filename alone; show-letter != episode number
presentation,TEST_TRANSITION_MINISTRY_UPDATE,GSR_LIBRARY,Libraries/GSR_LIBRARY/TEST_TRANSITION_MINISTRY_UPDATE.pro,1,302055490; TEST_TRANSITION_MINISTRY_UPDATE,2025-02-05,,propres_ssd,medium,True,episode_uid not derivable from filename alone; show-letter != episode number
presentation,TEST_TRANSITION_QA,GSR_LIBRARY,Libraries/GSR_LIBRARY/TEST_TRANSITION_QA.pro,1,302055490; TRANSITION_QA-1,2025-01-28,,propres_ssd,medium,True,episode_uid not derivable from filename alone; show-letter != episode number
presentation,TRANSITION_COMMENT_CORNER,GSR_LIBRARY,Libraries/GSR_LIBRARY/TRANSITION_COMMENT_CORNER.pro,1,302055490; TRANSITION_COMMENT_CORNER,2025-01-28,,propres_ssd,medium,True,episode_uid not derivable from filename alone; show-letter != episode number
presentation,TRANSITION_FEATURED_RESOURCE,GSR_LIBRARY,Libraries/GSR_LIBRARY/TRANSITION_FEATURED_RESOURCE.pro,1,302055490; TRANSITION_FEATURED_RESOURCE,2025-02-27,,propres_ssd,medium,True,episode_uid not derivable from filename alone; show-letter != episode number
presentation,TRANSITION_INTERVIEW_1-1,GSR_LIBRARY,Libraries/GSR_LIBRARY/TRANSITION_INTERVIEW_1-1.pro,1,302186513; TRANSITION_INTERVIEW_1-1,2025-04-16,,propres_ssd,medium,True,episode_uid not derivable from filename alone; show-letter != episode number
presentation,TRANSITION_INTERVIEW_1-2,GSR_LIBRARY,Libraries/GSR_LIBRARY/TRANSITION_INTERVIEW_1-2.pro,1,302186513; TRANSITION_INTERVIEW_1-2,2025-04-16,,propres_ssd,medium,True,episode_uid not derivable from filename alone; show-letter != episode number
presentation,TRANSITION_INTERVIEW_1-3,GSR_LIBRARY,Libraries/GSR_LIBRARY/TRANSITION_INTERVIEW_1-3.pro,1,302186513; TRANSITION_INTERVIEW_1-3,2025-04-16,,propres_ssd,medium,True,episode_uid not derivable from filename alone; show-letter != episode number
presentation,TRANSITION_INTERVIEW_1-4,GSR_LIBRARY,Libraries/GSR_LIBRARY/TRANSITION_INTERVIEW_1-4.pro,1,302186513; TRANSITION_INTERVIEW_1-4,2025-04-16,,propres_ssd,medium,True,episode_uid not derivable from filename alone; show-letter != episode number
presentation,TRANSITION_INTERVIEW_1-5,GSR_LIBRARY,Libraries/GSR_LIBRARY/TRANSITION_INTERVIEW_1-5.pro,1,302186513; TRANSITION_INTERVIEW_1-5,2025-04-16,,propres_ssd,medium,True,episode_uid not derivable from filename alone; show-letter != episode number
presentation,TRANSITION_INTERVIEW_1-6,GSR_LIBRARY,Libraries/GSR_LIBRARY/TRANSITION_INTERVIEW_1-6.pro,1,302252046; TRANSITION_INTERVIEW_1-6,2025-08-08,,propres_ssd,medium,True,episode_uid not derivable from filename alone; show-letter != episode number
presentation,TRANSITION_INTERVIEW_1,GSR_LIBRARY,Libraries/GSR_LIBRARY/TRANSITION_INTERVIEW_1.pro,1,302252046; TRANSITION_INTERVIEW_1,2025-06-10,,propres_ssd,medium,True,episode_uid not derivable from filename alone; show-letter != episode number
presentation,TRANSITION_INTERVIEW_2,GSR_LIBRARY,Libraries/GSR_LIBRARY/TRANSITION_INTERVIEW_2.pro,1,318767361; TRANSITION_INTERVIEW_2,2025-09-10,,propres_ssd,medium,True,episode_uid not derivable from filename alone; show-letter != episode number
presentation,TRANSITION_KIDDY_CORNER,GSR_LIBRARY,Libraries/GSR_LIBRARY/TRANSITION_KIDDY_CORNER.pro,1,302055490; TRANSITION_KIDDY_CORNER,2025-01-28,,propres_ssd,medium,True,episode_uid not derivable from filename alone; show-letter != episode number
presentation,TRANSITION_MINISTRY_UPDATE,GSR_LIBRARY,Libraries/GSR_LIBRARY/TRANSITION_MINISTRY_UPDATE.pro,1,302055490; TRANSITION_MINISTRY_UPDATE,2025-02-10,,propres_ssd,medium,True,episode_uid not derivable from filename alone; show-letter != episode number
presentation,TRANSITION_QA,GSR_LIBRARY,Libraries/GSR_LIBRARY/TRANSITION_QA.pro,1,302055490; TRANSITION_QA,2025-01-28,,propres_ssd,medium,True,episode_uid not derivable from filename alone; show-letter != episode number
presentation,s,GSR_LIBRARY,Libraries/GSR_LIBRARY/s.pro,0,302186513,2025-04-15,,propres_ssd,medium,True,episode_uid not derivable from filename alone; show-letter != episode number
presentation,GENESIS_SCIENCE_MINUTE_PLAYLIST,THD_GSN_FAILOVER_LIBRARY,Libraries/THD_GSN_FAILOVER_LIBRARY/GENESIS_SCIENCE_MINUTE_PLAYLIST.pro,1,302055490; GENESIS_SCIENCE_MINUTE_PLAYLIST,2025-01-28,,propres_ssd,medium,True,episode_uid not derivable from filename alone; show-letter != episode number
presentation,HEAVENS_DECLARE_PLAYLIST,THD_GSN_FAILOVER_LIBRARY,Libraries/THD_GSN_FAILOVER_LIBRARY/HEAVENS_DECLARE_PLAYLIST.pro,1,302055490; HEAVENS_DECLARE_PLAYLIST,2025-01-28,,propres_ssd,medium,True,episode_uid not derivable from filename alone; show-letter != episode number
video,GSN_PROMOS,UNWRAPPED_LIBRARY,Libraries/UNWRAPPED_LIBRARY/GSN_PROMOS.pro,1,318767361; GSN_PROMOS,2026-01-22,,propres_ssd,medium,True,episode_uid not derivable from filename alone; show-letter != episode number
video,UNW_BACKGROUND_LOOPS,UNWRAPPED_LIBRARY,Libraries/UNWRAPPED_LIBRARY/UNW_BACKGROUND_LOOPS.pro,1,302055490; UNW_BACKGROUND_LOOPS,2025-01-27,,propres_ssd,medium,True,episode_uid not derivable from filename alone; show-letter != episode number
lower_third,UNW_L3RDS,UNWRAPPED_LIBRARY,Libraries/UNWRAPPED_LIBRARY/UNW_L3RDS.pro,6,318767361; UNW_L3RDS; DONATE_L3RD; FOLLOW_L3RD,2026-03-05,,propres_ssd,high,True,episode_uid not derivable from filename alone; show-letter != episode number
presentation,UNW_OPENER,UNWRAPPED_LIBRARY,Libraries/UNWRAPPED_LIBRARY/UNW_OPENER.pro,1,318767361; UNW_OPENER,2026-03-05,,propres_ssd,high,True,episode_uid not derivable from filename alone; show-letter != episode number
presentation,UNW_PRESENTATION,UNWRAPPED_LIBRARY,Libraries/UNWRAPPED_LIBRARY/UNW_PRESENTATION.pro,1,302055490; UNW_PRESENTATION,2025-01-28,,propres_ssd,medium,True,episode_uid not derivable from filename alone; show-letter != episode number
presentation,UNW_SHOW_ASSETS,UNWRAPPED_LIBRARY,Libraries/UNWRAPPED_LIBRARY/UNW_SHOW_ASSETS.pro,1,302055490; UNW_SHOW_ASSETS,2025-01-27,,propres_ssd,medium,True,episode_uid not derivable from filename alone; show-letter != episode number
lower_third,SHOW_L3RDS,WWN_LIBRARY,Libraries/WWN_LIBRARY/SHOW_L3RDS.pro,2,318767361; SHOW_L3RDS; DONATE L3RD,2026-01-22,,propres_ssd,medium,True,episode_uid not derivable from filename alone; show-letter != episode number
presentation,SHOW_OPENER_AFTER_INTO,WWN_LIBRARY,Libraries/WWN_LIBRARY/SHOW_OPENER_AFTER_INTO.pro,1,318767361; SHOW_OPENER_AFTER_INTO,2026-01-21,,propres_ssd,medium,True,episode_uid not derivable from filename alone; show-letter != episode number
presentation,WWN_ASSETS,WWN_LIBRARY,Libraries/WWN_LIBRARY/WWN_ASSETS.pro,2,302055490; WWN_ASSETS; DONATE L3RD,2025-01-27,,propres_ssd,medium,True,episode_uid not derivable from filename alone; show-letter != episode number
video,WWN_MID_SHOW_PROMO,WWN_LIBRARY,Libraries/WWN_LIBRARY/WWN_MID_SHOW_PROMO.pro,1,318767361; WWN_MID_SHOW_PROMO,2026-01-21,,propres_ssd,medium,True,episode_uid not derivable from filename alone; show-letter != episode number
video,WWN_OPENING_PROMO,WWN_LIBRARY,Libraries/WWN_LIBRARY/WWN_OPENING_PROMO.pro,1,318767361; WWN_OPENING_PROMO,2026-01-21,,propres_ssd,medium,True,episode_uid not derivable from filename alone; show-letter != episode number
presentation,WWN_THD,WWN_LIBRARY,Libraries/WWN_LIBRARY/WWN_THD.pro,1,318767361; WWN_THD,2026-01-22,,propres_ssd,high,True,episode_uid not derivable from filename alone; show-letter != episode number
presentation,TestWonders001,Playlists,Playlists/TestWonders001.pro,3,117964825,2022-03-11,,propres_ssd,high,True,episode_uid not derivable from filename alone; show-letter != episode number
