name,asset_type,is_loop,duration_sec,resolution,server_file_path,file_hash,reuse_count,source,confidence,needs_human,notes
CTN_Closer_ZOOMOUT_ENDING_FOR_LIVE_TO_TAPE_ProPresenter_4K_2997_000014_Pr422HQ.mov,clip_with_audio,false,14.01,3840x2160,Media/Assets/CTN_Closer_ZOOMOUT_ENDING_FOR_LIVE_TO_TAPE_ProPresenter_4K_2997_000014_Pr422HQ.mov,a3f90529cb6e7ac02e537ed1358c406a4cea868aa5cf0f6beb46c91bc5ab6440,6,propres_ssd,high,false,referenced in .pro; file located+hashed on SSD; metadata only
CTN_L3rd_Blank_00000910_4K_2997_Premultiplied_Pr4444.mov,clip_with_audio,false,9.34,3840x2160,Media/Assets/CTN_L3rd_Blank_00000910_4K_2997_Premultiplied_Pr4444.mov,7e5cfba0fdcbefab1c77b17a1afc07a9e3b93dfc363a4a695bf1f114ea9f877a,4,propres_ssd,high,false,referenced in .pro; file located+hashed on SSD; metadata only
CTN_L3rd_FollowUs_FINAL_000014_4K_2997_Pr4444.mov,clip_with_audio,false,14.01,3840x2160,Media/Assets/CTN_L3rd_FollowUs_FINAL_000014_4K_2997_Pr4444.mov,b862176c5bb743505e42c5b7d25b4dc0255b1dfb90c59fb08889172de212c5ae,4,propres_ssd,high,false,referenced in .pro; file located+hashed on SSD; metadata only
CTN_L3rd_Donate_FINAL_000014_4K_2997_Pr4444.mov,clip_with_audio,false,14.01,3840x2160,Media/Assets/CTN_L3rd_Donate_FINAL_000014_4K_2997_Pr4444.mov,f323953ea2e6a6f28f4bddac6b055f70d374f621d5341b1f2320fef2f5faff1e,6,propres_ssd,high,false,referenced in .pro; file located+hashed on SSD; metadata only
CTN_OPENER_FINAL_000020_4K_2997_Pr422HQ.mov,clip_with_audio,false,20.02,3840x2160,Media/Assets/CTN_OPENER_FINAL_000020_4K_2997_Pr422HQ.mov,9732af8dc091bc9615ff942c06806a3e93ec715ccc9d29862d0abc431c72a3c8,4,propres_ssd,high,false,referenced in .pro; file located+hashed on SSD; metadata only
CTN_Closer_BG_and_VO_ONLY_FOR_ProPresenter_4K_2997_000049_Pr422HQ.mov,clip_with_audio,false,49.15,3840x2160,Media/Assets/CTN_Closer_BG_and_VO_ONLY_FOR_ProPresenter_4K_2997_000049_Pr422HQ.mov,9e6be57a8a544f2abb270ecc92f3ef88a268d2a9734b409c971751bc75f0de0a,4,propres_ssd,high,false,referenced in .pro; file located+hashed on SSD; metadata only
CTN_OPENER_NOAUDIO_000017_4K_2997_Pr422HQ.mov,clip_with_audio,false,17.25,3840x2160,Media/Assets/CTN_OPENER_NOAUDIO_000017_4K_2997_Pr422HQ.mov,a918d5f57bcf403e39a3b80a5de1efe9374eb16f48769ddac38e7b52b9c5370a,2,propres_ssd,high,false,referenced in .pro; file located+hashed on SSD; metadata only
creationconferencebannerwithqrcode.png,graphic,false,,2420x900,Media/Assets/creationconferencebannerwithqrcode.png,1a2ed26a47eea8638f57278f7f11015347869559a7b668050d804e28732d3ada,1,propres_ssd,high,false,referenced in .pro; file located+hashed on SSD; metadata only
Welcome Pastors 16x9.png,graphic,false,,1536x864,Media/Assets/Welcome Pastors 16x9.png,485b733d2a4a5bbb4626ea497f4d7bcea681355553f646f502a620ceb18ee402,1,propres_ssd,high,false,referenced in .pro; file located+hashed on SSD; metadata only
IMG_4030.jpeg,graphic,false,,1103x1426,Media/Assets/IMG_4030.jpeg,79fd01b08432b9a3b1e2f89433d71a68ad14016d83cb0c4bb60394db007d5627,3,propres_ssd,high,false,referenced in .pro; file located+hashed on SSD; metadata only
01_South Africa Safari Promotional Poster (Facebook Post).png,graphic,false,,940x788,Media/Assets/01_South Africa Safari Promotional Poster (Facebook Post).png,b3063af2ce2e20ed49fdc95869a8d455508b06aaefd49528dad4cb355649c88a,1,propres_ssd,high,false,referenced in .pro; file located+hashed on SSD; metadata only
logo-gap26.png,graphic,false,,451x170,Media/Assets/logo-gap26.png,929bf1b9345f3adebfdec75d9d362ad63bc4feda519032fc06f561882ce5a44b,16,propres_ssd,high,false,referenced in .pro; file located+hashed on SSD; metadata only
Mancini QR.png,graphic,false,,596x595,Media/Assets/Mancini QR.png,a7c9c781d5f72a0877b27080b2fbb6f568595b6dd48ca929b5e64c6fd35a628e,7,propres_ssd,high,false,referenced in .pro; file located+hashed on SSD; metadata only
americareadsthebible.com qr code.png,graphic,false,,148x148,Media/Assets/americareadsthebible.com qr code.png,e8cc0c1b95383f72f7b8f38bcd5d76858bb0dcd10ad62ba663da5505f3ba365a,1,propres_ssd,high,false,referenced in .pro; file located+hashed on SSD; metadata only
1.png,graphic,false,,1920x1080,Media/Assets/1.png,df385e4311c4b411fbfe1b0b28c10078f789ab72a1be13326aaaa8204126e556,3,propres_ssd,high,false,referenced in .pro; file located+hashed on SSD; metadata only
qrcode.png,graphic,false,,164x164,Media/Assets/qrcode.png,64116d3247746d1648c5798200a0270d58937ac385c2e866d87e593268b5c570,2,propres_ssd,high,false,referenced in .pro; file located+hashed on SSD; metadata only
2.png,graphic,false,,1920x1080,Media/Assets/2.png,717d9077726c418260d3244f21b89b095ddfdfaf511eca8ddd0b29ac57532765,3,propres_ssd,high,false,referenced in .pro; file located+hashed on SSD; metadata only
Freedom Salute 03 - Slow - 4K.mp4,clip_with_audio,false,30.0,3840x2160,Media/Assets/Freedom Salute 03 - Slow - 4K.mp4,95fdc87669a69920ec6c1026fd2ceed286f6fbc0fe856d899dfa6d7ba8446f11,8,propres_ssd,high,false,duplicate content (same hash as Freedom Salute 03 - Slow - 4K.mp4)
Gap logo.png,graphic,false,,4000x2000,Media/Assets/Gap logo.png,c14c29f7ae835bcbe56ed587833f0e1b981ae62a95ede5a885b2573bf7f333d0,10,propres_ssd,high,false,duplicate content (same hash as Gap logo.png)
Gap logo-2.png,graphic,false,,4000x2000,Media/Assets/Gap logo-2.png,de7420b77a5b4dc25abc500a4945692ee6a3b4c4532c3f4b87b2b0829625a839,6,propres_ssd,high,false,referenced in .pro; file located+hashed on SSD; metadata only
Freedom Salute 01 - 16x9.jpg,graphic,false,,1920x1080,Media/Assets/Freedom Salute 01 - 16x9.jpg,0ffaf2dd76749125ca40f4b270543176a92c75c0d0d90e542482bd6db7820eb4,4,propres_ssd,high,false,referenced in .pro; file located+hashed on SSD; metadata only
Support GAP Here (1920 x 800 px) (1920 x 1080 px) (2)-1.png,graphic,false,,1920x1080,Media/Assets/Support GAP Here (1920 x 800 px) (1920 x 1080 px) (2)-1.png,9e84557c8e397335a0cd987d0f5e57d0429ba05987abbe458a6a4e3086bdc368,6,propres_ssd,high,false,duplicate content (same hash as Support GAP Here (1920 x 800 px) (1920 x 1080 px) (2)-1.png)
Bunni ARTB_Main Promo Video_A National Return To God's Word.mp4,clip_with_audio,false,167.18,1280x720,Media/Assets/Bunni ARTB_Main Promo Video_A National Return To God's Word.mp4,eb3056498f428c8f2c3b44ffb9a571021be83380a5d125967bbd3fe1a1c3870e,3,propres_ssd,high,false,referenced in .pro; file located+hashed on SSD; metadata only
Curtis Dikoff--North Dakota (1).mov,clip_with_audio,false,115.11,1280x720,Media/Assets/Curtis Dikoff--North Dakota (1).mov,046616a298cccc5d111cc3ed88ba660b95f8f49b86abfafe8653d07efa90f72e,4,propres_ssd,high,false,referenced in .pro; file located+hashed on SSD; metadata only
GAP Revival] Video Trey and Ariel v2.mp4,clip_with_audio,false,,,,,1,propres_ssd,low,true,referenced in .pro but file NOT found on SSD Media/ (may be external volume T7 ProTools)
%5BGAP Revival%5D Video Trey and Ariel v2.mp4,clip_with_audio,false,,,ofile:///Volumes/T7_ProTools/ProPresenter/Media/Assets/%5BGAP%20Revival%5D%20Video%20Trey%20and%20Ariel%20v2.mp4,,1,propres_ssd,low,true,referenced in .pro but file NOT found on SSD Media/ (may be external volume T7 ProTools)
WC_Promo_2025_MASTER_000030_4k_2997_40Mbps_H264.mp4,clip_with_audio,false,30.03,3840x2160,Media/Assets/WC_Promo_2025_MASTER_000030_4k_2997_40Mbps_H264.mp4,faa608dc33d035bde05ec5d70757e416332ba49e71b97c1b124144ea20972691,4,propres_ssd,high,false,referenced in .pro; file located+hashed on SSD; metadata only
GSR_Promo_000100_4K_2997_40Mbps_H264.mp4,clip_with_audio,false,60.03,3840x2160,Media/Assets/GSR_Promo_000100_4K_2997_40Mbps_H264.mp4,cf2acdc11df958a57b6fbb00e30b1fd4dc749f8e73633431d4459db51bf3631d,4,propres_ssd,high,false,referenced in .pro; file located+hashed on SSD; metadata only
Wonders Center Slide.jpg,graphic,false,,720x405,Media/Assets/Wonders Center Slide.jpg,8abe6b73d062ac9dcfa396674c5c5e69ac3ef85cd5370a7d1fc3d8fb21a70b9f,6,propres_ssd,high,false,referenced in .pro; file located+hashed on SSD; metadata only
GAP Opener_V2.mov,clip_with_audio,false,46.83,3840x2160,Media/Assets/GAP Opener_V2.mov,a54c996457f5e39822894c044260fe0242c43b35fa3c311c23fe86ec99df5d1e,5,propres_ssd,high,false,duplicate content (same hash as GAP Opener_V2.mov)
20260226-Alliance-Commercial.mov,clip_with_audio,false,55.83,3840x2160,Media/Assets/20260226-Alliance-Commercial.mov,c18f5d9b2090a563c980b29dad56df0fdc6cbc13c20429069933ee8b609a7a75,4,propres_ssd,high,false,referenced in .pro; file located+hashed on SSD; metadata only
C21C_Ask_v02_000030_4K_2997_40Mbps_H264.mp4,clip_with_audio,false,30.03,3840x2160,Media/Assets/C21C_Ask_v02_000030_4K_2997_40Mbps_H264.mp4,b8fc9ce9b46c7ce47a348036096d8ed61c771c538639781c3fb8f68974a68ddd,4,propres_ssd,high,false,referenced in .pro; file located+hashed on SSD; metadata only
Jamie Smith-KS-2-1.mov,clip_with_audio,false,49.23,720x1280,Media/Assets/Jamie Smith-KS-2-1.mov,7d2df8a3982bf2effb2c1ab26a88f4c7ab30f3c91bc19ac1e65a67db866f2c9c,2,propres_ssd,high,false,referenced in .pro; file located+hashed on SSD; metadata only
Coble Furniture 2.mov,clip_with_audio,false,61.25,320x568,Media/Assets/Coble Furniture 2.mov,e7d99560b086bc9770e0eaf5be66a1b63bd09a5268b6d2ae4de9a7abae74fd60,2,propres_ssd,high,false,referenced in .pro; file located+hashed on SSD; metadata only
IMG_0083.MOV,clip_with_audio,false,47.79,1280x720,Media/Assets/IMG_0083.MOV,9e2c5bc1f47a224b9ee5779c3ce513e23bf46f930e3f79644d60b1084605c0b6,3,propres_ssd,high,false,referenced in .pro; file located+hashed on SSD; metadata only
Gold Bless America H265 444 10 MOS.mov,clip_with_audio,false,232.73,3840x2160,Media/Assets/Gold Bless America H265 444 10 MOS.mov,284712eed1440e929922088a7b266ff7746176fab1eaca54351de24817e0c570,2,propres_ssd,high,false,referenced in .pro; file located+hashed on SSD; metadata only
"USA Flag Waving - Videos (720p, h264).mp4",clip_with_audio,false,13.43,1280x720,"Media/Assets/USA Flag Waving - Videos (720p, h264).mp4",dcaa7df0ce1976c5981025f138a4b20e113469665af53a9c01bd76b2beedac16,2,propres_ssd,high,false,referenced in .pro; file located+hashed on SSD; metadata only
ICOI-2.mov,clip_with_audio,false,147.38,1920x1080,Media/Assets/ICOI-2.mov,4aa478d52e439ee804423b4e5ee679f29f2b56228d98496b3e260a52bf7ec602,3,propres_ssd,high,false,referenced in .pro; file located+hashed on SSD; metadata only
GAP 26 Credits.mp4,clip_with_audio,false,50.63,1920x1080,Media/Assets/GAP 26 Credits.mp4,881e82a9b08f06bd72273c6ae7c0c489a09e1e5f018d88c32452cd4b201c42b6,3,propres_ssd,high,false,referenced in .pro; file located+hashed on SSD; metadata only
America - Gregg Healey CT.mp4,clip_with_audio,false,180.94,1080x1920,Media/Assets/America - Gregg Healey CT.mp4,281d6dfa3926e87c47d95edde561968959198b7d9dd808e233133a925bb463f1,3,propres_ssd,high,false,referenced in .pro; file located+hashed on SSD; metadata only
Brianne Williams_OR.mov,clip_with_audio,false,80.91,640x324,Media/Assets/Brianne Williams_OR.mov,399a767c6335cf6d50ce3595a88cc2cf691e10490b452ad0c02d828f5a857b95,4,propres_ssd,high,false,referenced in .pro; file located+hashed on SSD; metadata only
Maria Erickson_MN.mov,clip_with_audio,false,63.0,224x128,Media/Assets/Maria Erickson_MN.mov,0b35d3b256ed9395c1bae2c5f4bd02401e6495270cc12fcf8b1ab7b763b18bc4,4,propres_ssd,high,false,referenced in .pro; file located+hashed on SSD; metadata only
Randy Hekman_MI.mp4,clip_with_audio,false,83.93,854x480,Media/Assets/Randy Hekman_MI.mp4,7b8062be4a422f9d25de9f855c701b7d30e80c239219219b665db12fc2ea6f8c,4,propres_ssd,high,false,referenced in .pro; file located+hashed on SSD; metadata only
Mo Hodge_IN.mp4,clip_with_audio,false,21.27,1280x720,Media/Assets/Mo Hodge_IN.mp4,a8c2e563aed2e583e276d33eefe550e492992a41fb24ee641fee1171100819d6,3,propres_ssd,high,false,referenced in .pro; file located+hashed on SSD; metadata only
Alan Green-SD-3.mov,clip_with_audio,false,59.64,1280x720,Media/Assets/Alan Green-SD-3.mov,d5cc6279138f115e25b4f37bd5d5f6289353c8dfae52a5d8a760098352a6049b,6,propres_ssd,high,false,duplicate content (same hash as Alan Green-SD-3.mov)
Strother Prayer GAP26.MOV,clip_with_audio,false,264.47,1920x1080,Media/Assets/Strother Prayer GAP26.MOV,ed7247e8f4bcd0cc7905390445e87c604ed9bc3caedc0d722be9fbfd8077f311,4,propres_ssd,high,false,referenced in .pro; file located+hashed on SSD; metadata only
Ed Cheek_SC.mp4,clip_with_audio,false,18.23,1280x720,Media/Assets/Ed Cheek_SC.mp4,93b67c2a17e07dabe333a18d6bd639bac6d9534b7189f79b244ffe9eb3a075a6,3,propres_ssd,high,false,referenced in .pro; file located+hashed on SSD; metadata only
Alejandro Arias_FL.mov,clip_with_audio,false,97.61,1920x1080,Media/Assets/Alejandro Arias_FL.mov,7a033b59662297143912666b18220d55b96d8c2e753bb646c08dc4aef3bd251c,4,propres_ssd,high,false,referenced in .pro; file located+hashed on SSD; metadata only
Andy.MOV,clip_with_audio,false,41.57,1280x720,Media/Assets/Andy.MOV,c5599c994754cff5302e5465412ee750fd1e98f3596fb0f851e9945e816474f8,2,propres_ssd,high,false,referenced in .pro; file located+hashed on SSD; metadata only
Lucas Miles_TPUSA-003.mov,clip_with_audio,false,493.65,3840x2160,Media/Assets/Lucas Miles_TPUSA-003.mov,cc81e269519dcced281340144cfff8577b16be478282404f7dc4496091937303,5,propres_ssd,high,false,duplicate content (same hash as Lucas Miles_TPUSA-003.mov)
Brianne Williams intro.mov,clip_with_audio,false,30.4,640x322,Media/Assets/Brianne Williams intro.mov,f130d158cb01b4a3d96822155ba177809c6938b6c38225b9ed01e3859a274885,2,propres_ssd,high,false,referenced in .pro; file located+hashed on SSD; metadata only
Alyssa_MD.mp4,clip_with_audio,false,57.0,720x1280,Media/Assets/Alyssa_MD.mp4,227364cae3002b2e6230cacc53b2958c8d9ad31662650de70b55ee356d97d082,8,propres_ssd,high,false,referenced in .pro; file located+hashed on SSD; metadata only
Found (Vido Performance Track 01182016).mov,clip_with_audio,false,246.71,1280x720,Media/Assets/Found (Vido Performance Track 01182016).mov,5ffac0f0db17b4eef2094a37c309ece24387bae052f1f829a3b3450751a56211,2,propres_ssd,high,false,referenced in .pro; file located+hashed on SSD; metadata only
GAP '26 Loop V1.mp4,b_roll_loop,true,30.0,1920x1080,Media/Assets/GAP '26 Loop V1.mp4,25ec52fa81d844f2946ac1e0924e7c24ef48887db09f7fc58ef63a4163a7b112,2,propres_ssd,high,false,referenced in .pro; file located+hashed on SSD; metadata only
Support GAP Here (1).png,graphic,false,,2750x2000,Media/Assets/Support GAP Here (1).png,bf85c5fff850d41bc92bad4eea8ad83b9b7cc0cc3b6aae2fa3606d5961e6b399,2,propres_ssd,high,false,referenced in .pro; file located+hashed on SSD; metadata only
2026_GAPM_Pastor_Alejandro_Arias_HUDSON_FL.mp4,clip_with_audio,false,420.19,1920x1080,Media/Assets/2026_GAPM_Pastor_Alejandro_Arias_HUDSON_FL.mp4,50a293d6884bffd1f528869b088cd61852e9364a2c96e37e46b96d0e6ebe9219,2,propres_ssd,high,false,referenced in .pro; file located+hashed on SSD; metadata only
Michele Pillar & Dr. Phil - Live Event Opener-1.mp4,clip_with_audio,false,74.94,1920x1080,Media/Assets/Michele Pillar & Dr. Phil - Live Event Opener-1.mp4,361883c757a8765435c4f8dd11f27a7068a30abdfb157e144fe4af14412e81b5,1,propres_ssd,high,false,referenced in .pro; file located+hashed on SSD; metadata only
2026 Gap AJ Invite 2_1.mp4,clip_with_audio,false,26.93,1920x1080,Media/Assets/2026 Gap AJ Invite 2_1.mp4,d5d648e584af5e413a99fe8e17b95cc47b4e6a325f5603d79d0244d5a059c3fc,4,propres_ssd,high,false,referenced in .pro; file located+hashed on SSD; metadata only
Buster Waters - MA.mp4,clip_with_audio,false,68.09,176x100,Media/Assets/Buster Waters - MA.mp4,b85ed0787daab1cb716064f65a23dd8fb640ede13076e5720f9b0578583c6192,2,propres_ssd,high,false,referenced in .pro; file located+hashed on SSD; metadata only
Trey and Ariel Furnal_CA.mp4,clip_with_audio,false,398.56,1920x1080,Media/Assets/Trey and Ariel Furnal_CA.mp4,a4aa4c8ffd95297761495253d1f70496bdfe2dd68e3d87653f3cd2b98fc2a931,2,propres_ssd,high,false,referenced in .pro; file located+hashed on SSD; metadata only
Prayer for Kentucky.mp4,clip_with_audio,false,105.88,1920x1080,Media/Assets/Prayer for Kentucky.mp4,fda94ba95f6e384fe3e4173076f9921a1c4c50bc4cb3722473b79258a0b0ab53,2,propres_ssd,high,false,referenced in .pro; file located+hashed on SSD; metadata only
Scott Spages -NJ-1.mp4,clip_with_audio,false,57.11,1280x720,Media/Assets/Scott Spages -NJ-1.mp4,fd2f5133238372a128c61ea4cef6cd0ceac7b1ebfad0cb10a37167412af6c00a,2,propres_ssd,high,false,referenced in .pro; file located+hashed on SSD; metadata only
Greg McCall_IO.mp4,clip_with_audio,false,64.76,1920x1080,Media/Assets/Greg McCall_IO.mp4,0eef5430caf82f1329d463f0adc62766d9b1be91edaf77ba4222483a86973c96,2,propres_ssd,high,false,referenced in .pro; file located+hashed on SSD; metadata only
Dan Richard - ME-1.mp4,clip_with_audio,false,86.07,1280x720,Media/Assets/Dan Richard - ME-1.mp4,5aeab7414f6fcfc0dea34d639eb07da9d9546f6d185f19d3627f2405b3a72da9,2,propres_ssd,high,false,referenced in .pro; file located+hashed on SSD; metadata only
Jamie Smith-KS-1.mov,clip_with_audio,false,49.23,1280x720,Media/Assets/Jamie Smith-KS-1.mov,f694cea6b04620519eacebda3fada486025193120e0713f8a7b9d2f82d8b17fe,2,propres_ssd,high,false,referenced in .pro; file located+hashed on SSD; metadata only
Mike Chorey_NY.MP4,clip_with_audio,false,107.35,1280x720,Media/Assets/Mike Chorey_NY.MP4,930da7b70c11012517fbcc2301693b9dc3d769671c70408d9e7caeda00c4f701,2,propres_ssd,high,false,referenced in .pro; file located+hashed on SSD; metadata only
John Whlaey_NC.MP4,clip_with_audio,false,56.3,1280x720,Media/Assets/John Whlaey_NC.MP4,f00f24ffe215505c74f547e5714a95839bbf160d6142063c482226500ed34229,2,propres_ssd,high,false,referenced in .pro; file located+hashed on SSD; metadata only
Wendell Dale_OH.mp4,clip_with_audio,false,9.57,1280x720,Media/Assets/Wendell Dale_OH.mp4,1d80b3a1e6c9c715030a0a6d35ae1be52fd03d805e0d238268c02cb3773fe1ab,2,propres_ssd,high,false,referenced in .pro; file located+hashed on SSD; metadata only
Sam Hollo - NH-1.mp4,clip_with_audio,false,140.1,1920x1080,Media/Assets/Sam Hollo - NH-1.mp4,4edb001984bed77789b8b71b49edd3ba96296023f28ac225b8e6ab9e74c85692,2,propres_ssd,high,false,referenced in .pro; file located+hashed on SSD; metadata only
David Moorman - DE-1.MOV,clip_with_audio,false,55.98,1080x1920,Media/Assets/David Moorman - DE-1.MOV,edfbf40e391c9716dd8256bb3f642b50f58e94167ccdd86c6232b92f530e0d7c,2,propres_ssd,high,false,referenced in .pro; file located+hashed on SSD; metadata only
Bill Cook_VA Prayer.mp4,clip_with_audio,false,112.09,960x540,Media/Assets/Bill Cook_VA Prayer.mp4,cc2bcd6430b816bdd9ea90e2e533f7eb3d0ec710cab0d8534f84ce332d10aa87,2,propres_ssd,high,false,referenced in .pro; file located+hashed on SSD; metadata only
Alan Clark_TN-1.mp4,clip_with_audio,false,41.94,1280x720,Media/Assets/Alan Clark_TN-1.mp4,d24ff926bcb76b3edc069fe0dd6cd941b88a50f7bf1b337eae7990d8cfb49a64,2,propres_ssd,high,false,referenced in .pro; file located+hashed on SSD; metadata only
Tim Rust-NE-1.mov,clip_with_audio,false,70.63,568x320,Media/Assets/Tim Rust-NE-1.mov,f0809d7249de5997df3cfdc59d94bf73e8f4dea3aa11991b76cfe98926b5ad4e,2,propres_ssd,high,false,referenced in .pro; file located+hashed on SSD; metadata only
Ron Frahler - IL-1.mov,clip_with_audio,false,87.03,960x540,Media/Assets/Ron Frahler - IL-1.mov,2c59040763c0e473169cec716eb467b7df36fee12bcca53f0e2a7c54737c9835,2,propres_ssd,high,false,referenced in .pro; file located+hashed on SSD; metadata only
Freedom Salute 17 - 16x9.jpg,graphic,false,,1920x1080,Media/Assets/Freedom Salute 17 - 16x9.jpg,35dab1d9fd723f1e2ee84649eabbd763c319b5c93a2661a01c108772e918b40a,2,propres_ssd,high,false,referenced in .pro; file located+hashed on SSD; metadata only
Freedom Salute 17 - Slow - 4K.mp4,clip_with_audio,false,30.0,3840x2160,Media/Assets/Freedom Salute 17 - Slow - 4K.mp4,44ae1ee0ea65400ae79da4b8881a76bb364b8ab3a33c4dd0cee2811fe7b6aa3c,2,propres_ssd,high,false,referenced in .pro; file located+hashed on SSD; metadata only
Freedom Salute 01 - Slow - 4K.mp4,clip_with_audio,false,30.0,3840x2160,Media/Assets/Freedom Salute 01 - Slow - 4K.mp4,9a1f529719114adb96035cb1ef1b444c8f4b5a48a9430ead28ae7c7e6f7da673,2,propres_ssd,high,false,referenced in .pro; file located+hashed on SSD; metadata only
Freedom Salute 18 - Slow - 4K.mp4,clip_with_audio,false,30.0,3840x2160,Media/Assets/Freedom Salute 18 - Slow - 4K.mp4,c395ba9078117fa8a5744237298263aa69c3131ad50243bfeeaffd57f1fd376d,2,propres_ssd,high,false,referenced in .pro; file located+hashed on SSD; metadata only
Freedom Salute 03 - 16x9.jpg,graphic,false,,1920x1080,Media/Assets/Freedom Salute 03 - 16x9.jpg,e688b9ac42df7f63226d67ff3bb4e2650c386b51c43b6e60eaa518e63582959d,2,propres_ssd,high,false,referenced in .pro; file located+hashed on SSD; metadata only
Freedom Salute 18 - 16x9.jpg,graphic,false,,1920x1080,Media/Assets/Freedom Salute 18 - 16x9.jpg,0acf94ef7dd99c17091049ce0e78e410c24555e9dda2ca07621c02e312ec7cd2,2,propres_ssd,high,false,referenced in .pro; file located+hashed on SSD; metadata only
Freedom Salute 10 - Subtle - 4K.mp4,clip_with_audio,false,30.0,3840x2160,Media/Assets/Freedom Salute 10 - Subtle - 4K.mp4,75fe934e4293a2223f1c24386f6afb218369a2830f047171417bd07e664f8729,2,propres_ssd,high,false,referenced in .pro; file located+hashed on SSD; metadata only
Freedom Salute 10 - 16x9.jpg,graphic,false,,1920x1080,Media/Assets/Freedom Salute 10 - 16x9.jpg,4a3f74dcb8f5d1ba9a90abd55a6cc59b4f1b717ff87392dc55f9a1f05bf8e8e0,2,propres_ssd,high,false,referenced in .pro; file located+hashed on SSD; metadata only
Freedom Salute 15 - 16x9.jpg,graphic,false,,1920x1080,Media/Assets/Freedom Salute 15 - 16x9.jpg,2c5c4168dd9a1c97f56a49c6767f8c2aba4dd63fe409325832f59cefc948b691,5,propres_ssd,high,false,duplicate content (same hash as Freedom Salute 15 - 16x9.jpg)
Freedom Salute 15 - Slow - 4K.mp4,clip_with_audio,false,30.0,3840x2160,Media/Assets/Freedom Salute 15 - Slow - 4K.mp4,a65c7dedb84910ecdaf76ee67d039556f97703fce5ab9652581ba77197eff1e0,2,propres_ssd,high,false,referenced in .pro; file located+hashed on SSD; metadata only
Mark Koch Free Book QR Code 1.png,graphic,false,,1051x1051,Media/Assets/Mark Koch Free Book QR Code 1.png,90c7c24bce2b50ecf5303c8ab7321429684cf76dcd2efd83fac2a276df6897a9,3,propres_ssd,high,false,referenced in .pro; file located+hashed on SSD; metadata only
Screenshot 2026-02-19 at 10.51.51%E2%80%AFAM.png,graphic,false,,,lfile:///Volumes/T7_ProTools/ProPresenter/Media/Assets/Screenshot%202026-02-19%20at%2010.51.51%E2%80%AFAM.png,,3,propres_ssd,low,true,referenced in .pro but file NOT found on SSD Media/ (may be external volume T7 ProTools)
GSR_2025_L3rd_Curved_Text_Box_BOTTOM_ONLY_Looping_v09_000030_4K_2997_PreMultiplied_Pr4444.mov,b_roll_loop,true,30.03,3840x2160,Media/Assets/GSR_2025_L3rd_Curved_Text_Box_BOTTOM_ONLY_Looping_v09_000030_4K_2997_PreMultiplied_Pr4444.mov,4a3a58cbffff546ff572a34c4b182e977e21d376806a4c74ebff669b775cdfe1,9,propres_ssd,high,false,referenced in .pro; file located+hashed on SSD; metadata only
GSR_2024_SegmentTitle_Viewer_Voices_v01_CCd_v02_000100_1080p_2997_Pr422HQ.mov,title_graphic,false,60.03,1920x1080,Media/Assets/GSR_2024_SegmentTitle_Viewer_Voices_v01_CCd_v02_000100_1080p_2997_Pr422HQ.mov,4ec891863b3a9ba8c9d6f7f0f49229b04702fb71403f2afaa1def76381aed404,10,propres_ssd,high,false,referenced in .pro; file located+hashed on SSD; metadata only
GSR_Bumper_IN_01_NO_MUSIC_v01_000007_4K_2997_Pr4444.mov,clip_with_audio,false,7.01,3840x2160,Media/Assets/GSR_Bumper_IN_01_NO_MUSIC_v01_000007_4K_2997_Pr4444.mov,afb5435967a1123b068d2045d68667f5a5acb11b3650839ec237ef9d04691cb3,8,propres_ssd,high,false,referenced in .pro; file located+hashed on SSD; metadata only
GSR_2024_Closing_Tag_SOCIAL_v02_000005_4K_2997_Pr4444.mov,clip_with_audio,false,5.24,3840x2160,Media/Assets/GSR_2024_Closing_Tag_SOCIAL_v02_000005_4K_2997_Pr4444.mov,df78b30223662d9ce2e7e7fb3880bc559bc60a8d2041f811f127b0e14486fc8f,5,propres_ssd,high,false,referenced in .pro; file located+hashed on SSD; metadata only
GSR_2024_Closing_Tag_DONATE_v02_000007_4K_2997_Pr4444.mov,clip_with_audio,false,7.04,3840x2160,Media/Assets/GSR_2024_Closing_Tag_DONATE_v02_000007_4K_2997_Pr4444.mov,30c7279e678df90e77e07394972d469200b9bbefafe40e9550428ea6fd9a0816,5,propres_ssd,high,false,referenced in .pro; file located+hashed on SSD; metadata only
GSR_2024_Closing_Tag_SUPERSTORE_v02_000006_4K_2997_Pr4444.mov,clip_with_audio,false,5.47,3840x2160,Media/Assets/GSR_2024_Closing_Tag_SUPERSTORE_v02_000006_4K_2997_Pr4444.mov,c6021318607412c86930f6be3e0b82822da9ac0008b36e91f071fa584d1d0003,6,propres_ssd,high,false,referenced in .pro; file located+hashed on SSD; metadata only
GSR_2024_Closing_Tag_WondersCenter_v02_000006_4K_2997_Pr4444.mov,clip_with_audio,false,5.47,3840x2160,Media/Assets/GSR_2024_Closing_Tag_WondersCenter_v02_000006_4K_2997_Pr4444.mov,2f6c6f46ba895f7b909f4341b5ac14bad105738611f16a579bfdcf43d0a1999b,6,propres_ssd,high,false,referenced in .pro; file located+hashed on SSD; metadata only
GSR_2024_SegmentTitle_Genesis_Science_QandA_v01_CCd_v02_000100_1080p_2997_Pr422HQ.mov,title_graphic,false,60.03,1920x1080,Media/Assets/GSR_2024_SegmentTitle_Genesis_Science_QandA_v01_CCd_v02_000100_1080p_2997_Pr422HQ.mov,c8322f186819712ce67783397bb37b157b18e1f4fd8c98603aae6a875f62b0d4,10,propres_ssd,high,false,referenced in .pro; file located+hashed on SSD; metadata only
GSR_2024_AnimatedBG_Option03_v03_TealPlexus_000100_4K_2997_Pr422HQ.mov,clip_with_audio,false,59.97,3840x2160,Media/Assets/GSR_2024_AnimatedBG_Option03_v03_TealPlexus_000100_4K_2997_Pr422HQ.mov,f84ce8c92c9a31e3869c1d5d1833011e292b41d3bec2ba8102680aea848a884e,113,propres_ssd,high,false,referenced in .pro; file located+hashed on SSD; metadata only
GSR_2025_L3rd_Curved_Text_Box_FULL_Looping_v09_000030_4K_2997_PreMultiplied_Pr4444.mov,b_roll_loop,true,30.03,3840x2160,Media/Assets/GSR_2025_L3rd_Curved_Text_Box_FULL_Looping_v09_000030_4K_2997_PreMultiplied_Pr4444.mov,3719921aeb0185a0567aee66646df18b8dfb7674cdd1e309fbcc5bc9dc39dc40,166,propres_ssd,high,false,referenced in .pro; file located+hashed on SSD; metadata only
GSR_2024_SegmentTitle_GSR_One_on_One_v01_CCd_v02_000100_1080p_2997_Pr422HQ_1.mov,title_graphic,false,60.03,1920x1080,Media/Assets/GSR_2024_SegmentTitle_GSR_One_on_One_v01_CCd_v02_000100_1080p_2997_Pr422HQ_1.mov,61e5476d6d7f7f3ae9e3b259223792c6482d0ec64091090c870ea1177c82a9de,35,propres_ssd,high,false,referenced in .pro; file located+hashed on SSD; metadata only
GSR_2024_SegmentTitle_Ministry_Update_v01_CCd_v02_000100_1080p_2997_Pr422HQ.mov,title_graphic,false,60.03,1920x1080,Media/Assets/GSR_2024_SegmentTitle_Ministry_Update_v01_CCd_v02_000100_1080p_2997_Pr422HQ.mov,75b37d69bceb4780bfa7e4680bf16f7f4d0ce8aee19247321fac590d7c8a8820,5,propres_ssd,high,false,referenced in .pro; file located+hashed on SSD; metadata only
GSR_2024_SegmentTitle_Featured_Resource_v01_CCd_v02_000100_1080p_2997_Pr422HQ.mov,title_graphic,false,60.03,1920x1080,Media/Assets/GSR_2024_SegmentTitle_Featured_Resource_v01_CCd_v02_000100_1080p_2997_Pr422HQ.mov,459788b44831a9cf6087814d6f7dba1e2a08020e76ac69c43fe9428688d22a77,11,propres_ssd,high,false,referenced in .pro; file located+hashed on SSD; metadata only
GSR_2025_L3rd_BUG_ONLY_Looping_v07_000030_4K_2997_PreMultiplied_Pr4444.mov,b_roll_loop,true,30.03,3840x2160,Media/Assets/GSR_2025_L3rd_BUG_ONLY_Looping_v07_000030_4K_2997_PreMultiplied_Pr4444.mov,66c116effae865ef6d6ac6a1c5cc2b26fe5fb08a66eb6bfd2dc1dde636385e16,5,propres_ssd,high,false,referenced in .pro; file located+hashed on SSD; metadata only
GSR_2024_SegmentTitle_Genesis_Science_Minute_v01_CCd_v02_000100_4K_2997_Pr422HQ_1.mov,title_graphic,false,60.03,3840x2160,Media/Assets/GSR_2024_SegmentTitle_Genesis_Science_Minute_v01_CCd_v02_000100_4K_2997_Pr422HQ_1.mov,dbf4f0485a147d98c0401d433329943cc8821d320448a2b847908bd47f01aada,5,propres_ssd,high,false,referenced in .pro; file located+hashed on SSD; metadata only
GSR_2024_AnimatedBG_DNA_Grid_Plexus_wTitle_v01_000100_4K_2997_Pr422HQ.mov,title_graphic,false,60.03,3840x2160,Media/Assets/GSR_2024_AnimatedBG_DNA_Grid_Plexus_wTitle_v01_000100_4K_2997_Pr422HQ.mov,1db4de5fcf0560150b98af50b825a76d0b53703b59dc55e399f03083be52bbb3,10,propres_ssd,high,false,referenced in .pro; file located+hashed on SSD; metadata only
GSR_CLOSER_wDoughNut_Hole_for_Tag_000010_4K-2997_Pr4444.mov,clip_with_audio,false,10.01,3840x2160,Media/Assets/GSR_CLOSER_wDoughNut_Hole_for_Tag_000010_4K-2997_Pr4444.mov,13bf69fd99be61aa29dd5a9ca07b08c3168c427097c62e50d43a1b20c569ba47,6,propres_ssd,high,false,referenced in .pro; file located+hashed on SSD; metadata only
GSR_2024_Opener_NO_MUSIC_v02_000010_4K_2997_Pr422HQ.mov,clip_with_audio,false,10.01,3840x2160,Media/Assets/GSR_2024_Opener_NO_MUSIC_v02_000010_4K_2997_Pr422HQ.mov,6d194b90354980986b8207f7495bb7e979563ef9834a5146ab7fa065bbdb9c52,4,propres_ssd,high,false,referenced in .pro; file located+hashed on SSD; metadata only
GSR_2024_Closing_Tag_BROADCAST_v02_000005_4K_2997_Pr4444.mov,clip_with_audio,false,5.54,3840x2160,Media/Assets/GSR_2024_Closing_Tag_BROADCAST_v02_000005_4K_2997_Pr4444.mov,9140cd4f703e1461fed87d876e69f1056b2781efebe263baefe0eea3f0291cb1,6,propres_ssd,high,false,referenced in .pro; file located+hashed on SSD; metadata only
GSR_Bumper_OUT_01_NO_MUSIC_v01_000010_4K_2997_Pr4444.mov,clip_with_audio,false,10.01,3840x2160,Media/Assets/GSR_Bumper_OUT_01_NO_MUSIC_v01_000010_4K_2997_Pr4444.mov,983080bdd3968454b74e6ca3ee406ec05c3b02314661b5b5fcada9ad17ef6871,7,propres_ssd,high,false,referenced in .pro; file located+hashed on SSD; metadata only
GSR_2024_SegmentTitle_Kids_Corner_v01_CCd__v02_000100_1080p_2997_Pr422HQ.mov,title_graphic,false,60.03,1920x1080,Media/Assets/GSR_2024_SegmentTitle_Kids_Corner_v01_CCd__v02_000100_1080p_2997_Pr422HQ.mov,5b31ccaa1edf0cbb3ad72d35713f0d8068bc31d5d8d96aef825cce778a8ababf,10,propres_ssd,high,false,referenced in .pro; file located+hashed on SSD; metadata only
GSR_2024_L3rd_Text_Box_Looping_v05_000030_4K_2997_Pr4444.mov,b_roll_loop,true,30.03,3840x2160,Media/Assets/GSR_2024_L3rd_Text_Box_Looping_v05_000030_4K_2997_Pr4444.mov,4b47628c83c29428425b26f53486a991caed1e9ea0ebf4aa7cdd13f8ff6ec9d6,69,propres_ssd,high,false,referenced in .pro; file located+hashed on SSD; metadata only
THD_362_Unicorns_WWN_ROLLIN_000302_4k_2997_40Mbps_H264.mp4,clip_with_audio,false,181.98,3840x2160,Media/Assets/THD_362_Unicorns_WWN_ROLLIN_000302_4k_2997_40Mbps_H264.mp4,b822b023de1cbac47785c81c09d880116c5c2d5fe8e153371df78c9182f8c545,2,propres_ssd,high,false,referenced in .pro; file located+hashed on SSD; metadata only
Virus_Broll_LOOPING.mp4,b_roll_loop,true,42.34,3840x2160,Media/Assets/Virus_Broll_LOOPING.mp4,ca198519ad5095e8e5bef0b4bf58ad8e493c7580677d26ee657f1d84b08fcfd7,2,propres_ssd,high,false,referenced in .pro; file located+hashed on SSD; metadata only
Scientists_LOOPING_000020_4k_2997_40Mbps.mp4,b_roll_loop,true,30.03,3840x2160,Media/Assets/Scientists_LOOPING_000020_4k_2997_40Mbps.mp4,7bd892ae2612489f59a256539ba5954e5a861c2af08a0fae8e7d42507efda1a4,2,propres_ssd,high,false,referenced in .pro; file located+hashed on SSD; metadata only
BACTERI_B-roll_loop.mp4,b_roll_loop,true,51.17,1920x1080,Media/Assets/BACTERI_B-roll_loop.mp4,d444e8ff8136ff1f7885ba123a3ab8f24db838fa319f481900758f2b7264d201,4,propres_ssd,high,false,referenced in .pro; file located+hashed on SSD; metadata only
Microscope_Broll_LOOPING_4K.mp4,b_roll_loop,true,,,,,4,propres_ssd,low,true,referenced in .pro but file NOT found on SSD Media/ (may be external volume T7 ProTools)
Virus_OPENER_Graphic.mp4,clip_with_audio,false,9.88,3840x2160,Media/Assets/Virus_OPENER_Graphic.mp4,5b360dc6e45c9a2d32edfaaea2baf6e37ad21789da6db0ee80ea5cc812c5ca56,2,propres_ssd,high,false,referenced in .pro; file located+hashed on SSD; metadata only
virus_Article_Screenshot.png,graphic,false,,3840x2160,Media/Assets/virus_Article_Screenshot.png,6154ca2bfa68fa5082c9ba3b047585cb770e0ec48be5a3e5c4fe1cc5e877fc26,2,propres_ssd,high,false,referenced in .pro; file located+hashed on SSD; metadata only
Earth_atmosphere_LOOPING_000054_4K_2997_40Mbps_H264..mp4,b_roll_loop,true,53.89,3840x2160,Media/Assets/Earth_atmosphere_LOOPING_000054_4K_2997_40Mbps_H264..mp4,0bf8a4977617778ba6101e6b3c27e71f078840cf133ea228021d643c0a3d3b41,7,propres_ssd,high,false,referenced in .pro; file located+hashed on SSD; metadata only
ISS_Broll_LOOPING_000115_4k_40Mbps.mp4,b_roll_loop,true,,,,,2,propres_ssd,low,true,referenced in .pro but file NOT found on SSD Media/ (may be external volume T7 ProTools)
THD_359_Leviathan_GSN_000259_1080p_20Mbps_H264.mp4,clip_with_audio,false,180.01,1920x1080,Media/Assets/THD_359_Leviathan_GSN_000259_1080p_20Mbps_H264.mp4,25607c27b04274c594113b82c5961a098887bab29e19ba6cb8c2f7b0cf228941,4,propres_ssd,high,false,referenced in .pro; file located+hashed on SSD; metadata only
Nuclear_Power_Broll.mp4,clip_with_audio,false,36.8,3840x2160,Media/Assets/Nuclear_Power_Broll.mp4,cee7d50f3573df577261c8e9ffead479d408917c5bb22d92ca48a65fb369154f,2,propres_ssd,high,false,referenced in .pro; file located+hashed on SSD; metadata only
OPENER_Moon_Graphic-2.mp4,clip_with_audio,false,23.39,3840x2160,Media/Assets/OPENER_Moon_Graphic-2.mp4,db8410820781b771726439b18bb90b463225abcf1ca8357a553b7f26ea8c62ff,2,propres_ssd,high,false,referenced in .pro; file located+hashed on SSD; metadata only
NASA_LOOPING_000027_4k_2997_40Mbps.mp4,b_roll_loop,true,27.16,3840x2160,Media/Assets/NASA_LOOPING_000027_4k_2997_40Mbps.mp4,474746f0046f4add53fd25aab9d43b3ce1e5019e1bead887af3a22959b6d839a,2,propres_ssd,high,false,referenced in .pro; file located+hashed on SSD; metadata only
Moon_LOOPING_000100_4k_40Mbps.mp4,b_roll_loop,true,,,,,4,propres_ssd,low,true,referenced in .pro but file NOT found on SSD Media/ (may be external volume T7 ProTools)
Rocket_Broll-1.mp4,clip_with_audio,false,48.95,3840x2160,Media/Assets/Rocket_Broll-1.mp4,a6343fa15e95158b8d82ae68d3b9f587ad6d3bb1c9cfc6d9e017835198178ae4,3,propres_ssd,high,false,referenced in .pro; file located+hashed on SSD; metadata only
LunarLurfaceBroll2.mp4,clip_with_audio,false,45.05,1920x1080,Media/Assets/LunarLurfaceBroll2.mp4,8ee81d4456e21a86c20c13aceae8e0d91cfc0ee95075c2108f58f45ee4ac87d6,3,propres_ssd,high,false,referenced in .pro; file located+hashed on SSD; metadata only
NASA_Article_Screenshot-1.png,graphic,false,,3840x2160,Media/Assets/NASA_Article_Screenshot-1.png,c4e1261bcf30bf23b58187961158d00684da81b1c770d2317acf1b02cf74c51e,2,propres_ssd,high,false,referenced in .pro; file located+hashed on SSD; metadata only
GSR_Opener_MUSIC_ONLY_v01_000012_2997_WAV.wav,other,false,,,Media/Assets/GSR_Opener_MUSIC_ONLY_v01_000012_2997_WAV.wav,61c412f6a438f7d29cc08b0856627d36514886c5fd22cb72dfe8a9898c829764,1,propres_ssd,high,false,referenced in .pro; file located+hashed on SSD; metadata only
GSR_2024_Closer_NO_MUSIC_v01_000007_4K_2997_Pr4444.mov,clip_with_audio,false,7.01,3840x2160,Media/Assets/GSR_2024_Closer_NO_MUSIC_v01_000007_4K_2997_Pr4444.mov,d3d59651c5f51657fb5ce6cfc95f3fdb9634b9a845a696f40749d284deb17e36,2,propres_ssd,high,false,referenced in .pro; file located+hashed on SSD; metadata only
30_Second_WC_Grand_Promo_MIXEDBROADCAST_000030_4k_2997_40Mbps_H264.mp4,clip_with_audio,false,30.03,3840x2160,Media/Assets/30_Second_WC_Grand_Promo_MIXEDBROADCAST_000030_4k_2997_40Mbps_H264.mp4,cbd4cf76a0c441dcc8bdd07f1aad5e1b9918f65fae972c5c566f713cdd0df422,6,propres_ssd,high,false,referenced in .pro; file located+hashed on SSD; metadata only
Undated_Africa_Promo_000030_4k_2997_40Mbps.mp4,clip_with_audio,false,30.03,3840x2160,Media/Assets/Undated_Africa_Promo_000030_4k_2997_40Mbps.mp4,72cd840a110354f7b53b60a3c0f71e16767193c190c864407a6c8035c8781a8d,12,propres_ssd,high,false,referenced in .pro; file located+hashed on SSD; metadata only
FR_01_CarvedInStone_Morgan_000051_4k_2997_40Mbps.mp4,clip_with_audio,false,51.25,3840x2160,Media/Assets/FR_01_CarvedInStone_Morgan_000051_4k_2997_40Mbps.mp4,35c33d456ae9feda7260f2aca204bb74c2c55f4977ae957c30cc6f638627336e,1,propres_ssd,high,false,referenced in .pro; file located+hashed on SSD; metadata only
GSM_TheKingsAstronomer_000100_4k_2997_40Mbps_H264.mp4,clip_with_audio,false,60.03,3840x2160,Media/Assets/GSM_TheKingsAstronomer_000100_4k_2997_40Mbps_H264.mp4,40214def0a0646d22a4f475e5d2cbc214c24b77811e8866fa6dc6f00386a63d0,4,propres_ssd,high,false,referenced in .pro; file located+hashed on SSD; metadata only
THD_390_DayYom_MASTER_000330_4k_2997_50Mbps.mp4,clip_with_audio,false,209.98,3840x2160,Media/Assets/THD_390_DayYom_MASTER_000330_4k_2997_50Mbps.mp4,f99c262b29470732cdf5dce69863a5774df5f6867b9f133e3b69ebf77c0c431f,2,propres_ssd,high,false,referenced in .pro; file located+hashed on SSD; metadata only
Planetary_Boundaries_Wheel_Graphic.png,graphic,false,,3840x2160,Media/Assets/Planetary_Boundaries_Wheel_Graphic.png,2d8529fb1d4682d2b3f816b42d64c615f168772a87173261c430a4701f22e87a,2,propres_ssd,high,false,referenced in .pro; file located+hashed on SSD; metadata only
Ocean_Broll_LOOPING.mp4,b_roll_loop,true,46.68,3840x2160,Media/Assets/Ocean_Broll_LOOPING.mp4,5e3ca3aa2966778ef1e71e3eee4baae0f23f8172612b52aacb4c33653634cc13,2,propres_ssd,high,false,referenced in .pro; file located+hashed on SSD; metadata only
Book.jpg,graphic,false,,994x1500,Media/Assets/Book.jpg,605706523fe6c6691821aa55111d23e9474a42dc59537cb57bb2cc0897775728,1,propres_ssd,high,false,referenced in .pro; file located+hashed on SSD; metadata only
Farm_Broll_LOOPING.mp4,b_roll_loop,true,50.15,3840x2160,Media/Assets/Farm_Broll_LOOPING.mp4,34816e9f9ed8a9039470a7ad118670690339123430abca4864e72d2762bb3e0c,3,propres_ssd,high,false,referenced in .pro; file located+hashed on SSD; metadata only
Planetary_OPENER_Graphic-1.mp4,clip_with_audio,false,13.91,3840x2160,Media/Assets/Planetary_OPENER_Graphic-1.mp4,0edf13b88f56e18dcba75708ff418d8a59f5e342668cef267776b32b6d1cef25,2,propres_ssd,high,false,referenced in .pro; file located+hashed on SSD; metadata only
Planet_Earth_LOOPING_000055_4k_40Mbps.mp4,b_roll_loop,true,55.02,3840x2160,Media/Assets/Planet_Earth_LOOPING_000055_4k_40Mbps.mp4,3dbd61f37f5cfee4bb586eba299f32f6cf26aa69c4bd866e9b8a9a3dbf9c617e,4,propres_ssd,high,false,referenced in .pro; file located+hashed on SSD; metadata only
Article Screenshot Nature Ecology.png,graphic,false,,3840x2160,Media/Assets/Article Screenshot Nature Ecology.png,eb4cd5efe2796e257a39d88d53fc509b4056e15360e4440d12b2d4ad364cb7df,2,propres_ssd,high,false,referenced in .pro; file located+hashed on SSD; metadata only
Dead_Zone_3_Graphics_LOOP.mp4,b_roll_loop,true,18.02,3840x2160,Media/Assets/Dead_Zone_3_Graphics_LOOP.mp4,a9aca70c22107f37d2850d084a634e071d14e5d79d45fad7c3af3088d395e659,2,propres_ssd,high,false,referenced in .pro; file located+hashed on SSD; metadata only
NucleicAcid.png,graphic,false,,3840x2160,Media/Assets/NucleicAcid.png,60e10e875b48599190ebdd76f43b05d621b1321f4753d9a10d135c7ebf357e02,3,propres_ssd,high,false,referenced in .pro; file located+hashed on SSD; metadata only
Carbohydrates.png,graphic,false,,3840x2160,Media/Assets/Carbohydrates.png,f90a6cfa8d1c0ea93ef3e55a5a628eccdebccfcdfbf3eeb924871cdf78006bfd,3,propres_ssd,high,false,referenced in .pro; file located+hashed on SSD; metadata only
Age Of Design Final Logo Graphic.png,graphic,false,,602x339,Media/Assets/Age Of Design Final Logo Graphic.png,3318388f9a87cc51a0c8eedefa2446fe6b9a1ef6785af609605799846f921702,1,propres_ssd,high,false,referenced in .pro; file located+hashed on SSD; metadata only
4BoxSplitscreen.png,graphic,false,,3840x2160,Media/Assets/4BoxSplitscreen.png,a7109878d0d9328ffcbe74dea77174ae54455176d1f02fe359ceace385307315,3,propres_ssd,high,false,referenced in .pro; file located+hashed on SSD; metadata only
NucleotideBases.png,graphic,false,,3840x2160,Media/Assets/NucleotideBases.png,1c8c49c018b40ca17b769fbc7ff0f524845fc12bfb7fa2bac41582297504d654,3,propres_ssd,high,false,referenced in .pro; file located+hashed on SSD; metadata only
Lipids.png,graphic,false,,3840x2160,Media/Assets/Lipids.png,ac70d0b53e537d8cc1b6db66fc8d7e678afc6dfc9912ef481426223d4dc77d4f,3,propres_ssd,high,false,referenced in .pro; file located+hashed on SSD; metadata only
Proteins.png,graphic,false,,3840x2160,Media/Assets/Proteins.png,984e2dea77ed4a43e87d95b7c6d507a3d6715717d8e2b3d813538d1a8d1ae526,3,propres_ssd,high,false,referenced in .pro; file located+hashed on SSD; metadata only
KC_S02_Ep021_Bobcats_MASTER_000230_4K_2997_45Mbps.mp4,clip_with_audio,false,150.1,3840x2160,Media/Assets/KC_S02_Ep021_Bobcats_MASTER_000230_4K_2997_45Mbps.mp4,b10ef28bf2feba25eb181b767bd422b0db1003d8a3a7c2c261555eebeb2cb6d9,2,propres_ssd,high,false,referenced in .pro; file located+hashed on SSD; metadata only
ICR Event Graphic-1.png,graphic,false,,1266x712,Media/Assets/ICR Event Graphic-1.png,f7008227911934e6aa1936e6d2859d3dd775fe33ff2a8f020ffda4314645cc56,2,propres_ssd,high,false,referenced in .pro; file located+hashed on SSD; metadata only
Screenshot 2026-05-28 at 9.02.22%E2%80%AFAM.png,graphic,false,,,kfile:///Volumes/T7_ProTools/ProPresenter/Media/Assets/Screenshot%202026-05-28%20at%209.02.22%E2%80%AFAM.png,,1,propres_ssd,low,true,referenced in .pro but file NOT found on SSD Media/ (may be external volume T7 ProTools)
GSR_2026_L3rd_Looping_v07_000100_4K_2997_PreMultiplied_Pr4444.mov,b_roll_loop,true,59.99,3840x2160,Media/Assets/GSR_2026_L3rd_Looping_v07_000100_4K_2997_PreMultiplied_Pr4444.mov,65908a226cc934146d3568f241abbfee7e5b20e05cb99bef12a02dd88cf87287,3,propres_ssd,high,false,referenced in .pro; file located+hashed on SSD; metadata only
GSR_2026_L3rd_Looping_v08_000100_4K_2997_PreMultiplied_Pr4444.mov,b_roll_loop,true,59.99,3840x2160,Media/Assets/GSR_2026_L3rd_Looping_v08_000100_4K_2997_PreMultiplied_Pr4444.mov,2d7343cf48326fe7b2dc20a936dd8fb76f11403c04bad34e83b56dccb094a556,1,propres_ssd,high,false,referenced in .pro; file located+hashed on SSD; metadata only
Astronomy_Broll_LOOPING_000030_4k_40Mbps.mp4,b_roll_loop,true,,,,,2,propres_ssd,low,true,referenced in .pro but file NOT found on SSD Media/ (may be external volume T7 ProTools)
Elijah_Chariot_of_Fire_Loop.mp4,b_roll_loop,true,34.8,3840x2160,Media/Assets/Elijah_Chariot_of_Fire_Loop.mp4,f0976dfddba612f1674675c73dc784d04e690b275a6729c3f2e081da2f92d07d,2,propres_ssd,high,false,referenced in .pro; file located+hashed on SSD; metadata only
War.gov_Screenshot.png,graphic,false,,3840x2160,Media/Assets/War.gov_Screenshot.png,f4ead7d614e60afafa389f07186e40b940efe749d3c3d3e7697b12a47db4560b,3,propres_ssd,high,false,referenced in .pro; file located+hashed on SSD; metadata only
Moon_Opener_Graphic-2.mp4,clip_with_audio,false,27.59,3840x2160,Media/Assets/Moon_Opener_Graphic-2.mp4,6e1a89101d556fbc0e4b8ed96cd099e7bc59e8bbfebca59a967c9b8c4d56ddb4,4,propres_ssd,high,false,referenced in .pro; file located+hashed on SSD; metadata only
TIc_Tac_UFO_Broll.mp4,clip_with_audio,false,69.2,3840x2160,Media/Assets/TIc_Tac_UFO_Broll.mp4,c4b335510ee0f534382a2ebe582ff033a61ff0c84ec6743ed76ae0edb9ec5ad8,3,propres_ssd,high,false,referenced in .pro; file located+hashed on SSD; metadata only
UFO_Sighting_WITH_AUDIO.mp4,clip_with_audio,false,18.18,3840x2160,Media/Assets/UFO_Sighting_WITH_AUDIO.mp4,671757f2096442b1ea135fbb9c74c6979c7c176fd1d3df732405b95ac4e1dd8f,2,propres_ssd,high,false,referenced in .pro; file located+hashed on SSD; metadata only
Football_UFO_Broll.mp4,clip_with_audio,false,9.91,1920x1080,Media/Assets/Football_UFO_Broll.mp4,94a52391f2a57b6e4babdbe094a7c1c24c86b300bb04c3a7db8160eef5efdda6,3,propres_ssd,high,false,referenced in .pro; file located+hashed on SSD; metadata only
Confadental_Information.mp4,clip_with_audio,false,46.6,3840x2160,Media/Assets/Confadental_Information.mp4,e263a7bb4322ad02372cec51f87d40cb4f82592c4f371ca49f56c98e5e5db6fd,2,propres_ssd,high,false,referenced in .pro; file located+hashed on SSD; metadata only
QA_S1_E21_MASTER_000200_1080p_2997_40Mbps_H264.mp4,clip_with_audio,false,120.02,1920x1080,Media/Assets/QA_S1_E21_MASTER_000200_1080p_2997_40Mbps_H264.mp4,fdd3391a78adf6b6f77a7714d8b8531bea1d2bd71ef6394251d7d530323dc650,2,propres_ssd,high,false,referenced in .pro; file located+hashed on SSD; metadata only
VV_01_Liz_Gabe_000034_1080p_2997_40Mbps_H264.mp4,clip_with_audio,false,34.43,1920x1080,Media/Assets/VV_01_Liz_Gabe_000034_1080p_2997_40Mbps_H264.mp4,266ec6673d876fd4334ba18eebf4d89fef00015f50cae5dab5ac4903731b469d,1,propres_ssd,high,false,referenced in .pro; file located+hashed on SSD; metadata only
FR_02_GeneticEntropy_Ben_000054_4k_2997_40Mbps.mp4,clip_with_audio,false,54.09,3840x2160,Media/Assets/FR_02_GeneticEntropy_Ben_000054_4k_2997_40Mbps.mp4,f62af53e3bcf075395764f3cb09bf3999a13c3b8738685dd7a0548561fe37477,1,propres_ssd,high,false,referenced in .pro; file located+hashed on SSD; metadata only
GSM_FlatEarth_000100_4k_2997_40Mbps_H264.mp4,clip_with_audio,false,60.06,3840x2160,Media/Assets/GSM_FlatEarth_000100_4k_2997_40Mbps_H264.mp4,e0f1fb6315c81de6f7ebe67acaf8e78975ebb6489eaad6b5b6fdf3bd27a3d8a1,4,propres_ssd,high,false,referenced in .pro; file located+hashed on SSD; metadata only
THD_372_CREATION_ASediba_WWN-GSR_000300_4K_2997_40Mbps_H264.mp4,clip_with_audio,false,180.01,3840x2160,Media/Assets/THD_372_CREATION_ASediba_WWN-GSR_000300_4K_2997_40Mbps_H264.mp4,f8980ce935cf9527ff9b62f499a60ceb5a8307a0202936fbdb565633decaf84c,2,propres_ssd,high,false,referenced in .pro; file located+hashed on SSD; metadata only
Gates of Lodore looming from Brown's Park.png,graphic,false,,3840x2160,Media/Assets/Gates of Lodore looming from Brown's Park.png,721b202161da3b3429b56d907fdbbab40cadb0a2ffb6568aaa807f12ba123dd1,2,propres_ssd,high,false,referenced in .pro; file located+hashed on SSD; metadata only
Channeled Scablands Zoomed Out.png,graphic,false,,3840x2160,Media/Assets/Channeled Scablands Zoomed Out.png,fc70c6411b19c37d0dd627c6add8f69d70b31285683554183acd2ea9b7e24a41,2,propres_ssd,high,false,referenced in .pro; file located+hashed on SSD; metadata only
Channeled Scablands Zoomed In.png,graphic,false,,3840x2160,Media/Assets/Channeled Scablands Zoomed In.png,1aaaf43575ad90648f728e04d61eab1d2efbe9d52ee73e02b311f1834aa17a00,2,propres_ssd,high,false,referenced in .pro; file located+hashed on SSD; metadata only
Green_River_OPENER_Graphic.mp4,clip_with_audio,false,17.52,3840x2160,Media/Assets/Green_River_OPENER_Graphic.mp4,a37c307b4e2e262dd870e56b073eba448908ffd78e1a201f5c44e92105d737f7,4,propres_ssd,high,false,referenced in .pro; file located+hashed on SSD; metadata only
Book_NO_BG-1.png,graphic,false,,2178x2178,Media/Assets/Book_NO_BG-1.png,69b9fe8fa1d214cfd3c0e2d02ca4bf0c8bc0f6f513121e356b6b8f26e7997e1e,2,propres_ssd,high,false,referenced in .pro; file located+hashed on SSD; metadata only
Grand_Canyon_B-roll_LOOPING_005809_4K_2997_40Mbps_H264.mp4,b_roll_loop,true,58.38,3840x2160,Media/Assets/Grand_Canyon_B-roll_LOOPING_005809_4K_2997_40Mbps_H264.mp4,c01675201679ed3821edd29eb8a3b270136dff7bca0ca54e2461a88f869e2105,2,propres_ssd,high,false,referenced in .pro; file located+hashed on SSD; metadata only
Mountain_Broll_LOOPING.mp4,b_roll_loop,true,51.12,3840x2160,Media/Assets/Mountain_Broll_LOOPING.mp4,89499e68c6d0f917935153e97fe02cab7572a9fb5e62b961b16339698043f7a5,2,propres_ssd,high,false,referenced in .pro; file located+hashed on SSD; metadata only
The first camp of Powell's Second Expedition.png,graphic,false,,3840x2160,Media/Assets/The first camp of Powell's Second Expedition.png,fd5c8745df880e15e214b8dc1b5a26ad3d2b810e5e5efa4b41023aa3eb38eb66,2,propres_ssd,high,false,referenced in .pro; file located+hashed on SSD; metadata only
Geology_LOOPING_000037_4k_2997_40Mbps.mp4,b_roll_loop,true,37.04,3840x2160,Media/Assets/Geology_LOOPING_000037_4k_2997_40Mbps.mp4,34d3c4552eae285ae0f5c524a565c47cb8ba0efb3039f1eafa76a3ce964049a1,2,propres_ssd,high,false,referenced in .pro; file located+hashed on SSD; metadata only
PostFloodEarth_LOOPING_000017_4k_2997_40Mbps.mp4,b_roll_loop,true,17.02,3840x2160,Media/Assets/PostFloodEarth_LOOPING_000017_4k_2997_40Mbps.mp4,7aab5ff221791f5afd3e28c48fbb9d219f489555c35cca99833b5d89c2834971,3,propres_ssd,high,false,referenced in .pro; file located+hashed on SSD; metadata only
AI_Broll_LOOPING_4K.mp4,b_roll_loop,true,,,,,2,propres_ssd,low,true,referenced in .pro but file NOT found on SSD Media/ (may be external volume T7 ProTools)
Singularity Article Screenshot.png,graphic,false,,776x437,Media/Assets/Singularity Article Screenshot.png,580d6bc3eff98d6bd350f86f554497aa4e293e714521d085064b30e8701f8421,2,propres_ssd,high,false,referenced in .pro; file located+hashed on SSD; metadata only
Algorithms_LOOPING_000020_4k_2997_40Mbps.mp4,b_roll_loop,true,20.02,3840x2160,Media/Assets/Algorithms_LOOPING_000020_4k_2997_40Mbps.mp4,1f298dd65839bdba8bd02c8c186a67e1b7d38bf3724a6306407f7ebe40a94655,2,propres_ssd,high,false,referenced in .pro; file located+hashed on SSD; metadata only
Spinnaker Supercomputer.png,graphic,false,,884x497,Media/Assets/Spinnaker Supercomputer.png,5e5497d457cf12bb7c15bdd84307a2bc2b3fbbb050527e1043e469b2e6d8519f,2,propres_ssd,high,false,referenced in .pro; file located+hashed on SSD; metadata only
Biotech_Broll_LOOPING_4K.mp4,b_roll_loop,true,,,,,2,propres_ssd,low,true,referenced in .pro but file NOT found on SSD Media/ (may be external volume T7 ProTools)
GSR_Opener_000020_4K_2997_40Mbps_H264-1.mp4,clip_with_audio,false,20.02,3840x2160,Media/Assets/GSR_Opener_000020_4K_2997_40Mbps_H264-1.mp4,6872b7cbd970bbe737f7bffdcb5fcc3e47390154df422296c1b6279530418d6f,2,propres_ssd,high,false,referenced in .pro; file located+hashed on SSD; metadata only
AI_Broll_Loop2_005402_4K_2997_40Mbps_H264.mp4,b_roll_loop,true,54.12,3840x2160,Media/Assets/AI_Broll_Loop2_005402_4K_2997_40Mbps_H264.mp4,d2530a02665c96f448885a5b71f94ae019376f71ddebe38e57ae0f495c8cbf21,2,propres_ssd,high,false,referenced in .pro; file located+hashed on SSD; metadata only
Spinnaker Screenshot.png,graphic,false,,884x497,Media/Assets/Spinnaker Screenshot.png,ffb6c9f80e628cc74d0a1801a3ff19e7cecbf50c48ca2f2ad7ced0476105902e,2,propres_ssd,high,false,referenced in .pro; file located+hashed on SSD; metadata only
Turing_Test_Graphic.png,graphic,false,,3840x2160,Media/Assets/Turing_Test_Graphic.png,5aac0a18c9bac1ebab1f43dd4634eb829540ea545be546c5cbb04df642503d29,2,propres_ssd,high,false,referenced in .pro; file located+hashed on SSD; metadata only
Apollo_11_Broll.mp4,clip_with_audio,false,30.96,3840x2160,Media/Assets/Apollo_11_Broll.mp4,0f7c63375a65aa7c3a1bbdffdeff85edd60e7986dadfb02ab7ce3586db17be8a,3,propres_ssd,high,false,referenced in .pro; file located+hashed on SSD; metadata only
Men_Contemplating_Moon.png,graphic,false,,3840x2160,Media/Assets/Men_Contemplating_Moon.png,771e10490f58b8c88e71d764d6f7a687cf84cd3b38e6cc3382e1d362d6905e5f,2,propres_ssd,high,false,referenced in .pro; file located+hashed on SSD; metadata only
ET_Clip_WITH_AUDIO.mp4,clip_with_audio,false,8.58,3840x2160,Media/Assets/ET_Clip_WITH_AUDIO.mp4,b853b23356e82e06c2c30bf099edb02b28a4ac98b750fdbee757137134d5596d,3,propres_ssd,high,false,referenced in .pro; file located+hashed on SSD; metadata only
Earth_Moon_Broll_LOOPING.mp4,b_roll_loop,true,45.21,3840x2160,Media/Assets/Earth_Moon_Broll_LOOPING.mp4,1c817ad0996d4f08d0a9f9a8f5e17edca46b10c3d741c74d33a8d713b7151d5d,2,propres_ssd,high,false,referenced in .pro; file located+hashed on SSD; metadata only
LunarSurfaceBroll2.mp4,clip_with_audio,false,,,,,2,propres_ssd,low,true,referenced in .pro but file NOT found on SSD Media/ (may be external volume T7 ProTools)
Galaxys_Broll_LOOPING.mp4,b_roll_loop,true,54.02,3840x2160,Media/Assets/Galaxys_Broll_LOOPING.mp4,5537af3123b80c27c3796979ea5270f061c05522cc6f5fb37f6125ddf0f52a6e,2,propres_ssd,high,false,referenced in .pro; file located+hashed on SSD; metadata only
Moon_Opener.mp4,clip_with_audio,false,27.66,3840x2160,Media/Assets/Moon_Opener.mp4,08ab7b03316a09fc1075a5c892a06cc7e22b38a6124ebe65098b339fbb4247a3,6,propres_ssd,high,false,referenced in .pro; file located+hashed on SSD; metadata only
Space_Odyssey_WITH_AUDIO.mp4,clip_with_audio,false,15.92,3840x2160,Media/Assets/Space_Odyssey_WITH_AUDIO.mp4,6dca9b4ae389c7e17c0cb94921c62749b302d5bea0e4c4d13111a3d414f3bc1c,2,propres_ssd,high,false,referenced in .pro; file located+hashed on SSD; metadata only
A_Trip_to_the_Moon_Clip.mp4,clip_with_audio,false,16.75,3840x2160,Media/Assets/A_Trip_to_the_Moon_Clip.mp4,28641621cd8a1a5707ba6fdca2977b4952e21efd833da81524807fa19c8839ea,2,propres_ssd,high,false,referenced in .pro; file located+hashed on SSD; metadata only
Starry_Night_Van_Gogh.png,graphic,false,,3840x2160,Media/Assets/Starry_Night_Van_Gogh.png,47aaa9287c1565e88018baf471bb513f18859847c4b53fb74a8706167e517503,2,propres_ssd,high,false,referenced in .pro; file located+hashed on SSD; metadata only
Darwin_Headshot_Graphic.png,graphic,false,,3840x2160,Media/Assets/Darwin_Headshot_Graphic.png,59b9cc2b59387ebcdb1122166abc45df6c4a58743bddc36d17d49105953348bc,2,propres_ssd,high,false,referenced in .pro; file located+hashed on SSD; metadata only
VV_02_Kimmie_Gabe_000037_1080p_2997_40Mbps_H264.mp4,clip_with_audio,false,36.74,1920x1080,Media/Assets/VV_02_Kimmie_Gabe_000037_1080p_2997_40Mbps_H264.mp4,9b48d8bbb4f52ebb2f1466cdf03af0a64d50ff4d301edfd35d88a9d6e9ceeba4,1,propres_ssd,high,false,referenced in .pro; file located+hashed on SSD; metadata only
FR_03_TheCreatedCosmos_Morgan_000053_4k_2997_40Mbps.mp4,clip_with_audio,false,53.25,3840x2160,Media/Assets/FR_03_TheCreatedCosmos_Morgan_000053_4k_2997_40Mbps.mp4,df7132aea51b928290458c9c0f5630f646cc40a28d9a40754064d8c84ee8b92a,1,propres_ssd,high,false,referenced in .pro; file located+hashed on SSD; metadata only
THD_392_LeadwoodAndJackalberry_Video4Engineer_PR422LT.mov,clip_with_audio,false,240.01,1280x720,Media/Assets/THD_392_LeadwoodAndJackalberry_Video4Engineer_PR422LT.mov,83cdc82c4f9550d019499905af906005fe591ef19a89ab8cf5fd0c61c17302af,1,propres_ssd,high,false,referenced in .pro; file located+hashed on SSD; metadata only
GSR_Broll_DNA_2_Looping_000104_2997_40Mbps_H264.mp4,b_roll_loop,true,64.2,3840x2160,Media/Assets/GSR_Broll_DNA_2_Looping_000104_2997_40Mbps_H264.mp4,cc53d4b9db48e6b160f33ec0b3743b14217faaf4e38ff8e005c86a126a1e0697,1,propres_ssd,high,false,referenced in .pro; file located+hashed on SSD; metadata only
Rain_OPENER_Graphic.mp4,clip_with_audio,false,16.88,3840x2160,Media/Assets/Rain_OPENER_Graphic.mp4,87899e9b4d22931a8369f1157ec0372a3af2545db955332a7a3d655ec308c923,4,propres_ssd,high,false,referenced in .pro; file located+hashed on SSD; metadata only
"Noah’s Ark, Simon de Myle 1570 (Wikimedia).png",graphic,false,,3840x2160,"Media/Assets/Noah’s Ark, Simon de Myle 1570 (Wikimedia).png",72aba35049b3f06b1c60b8d225b6a7c6957f60e05a288f8de280c38874058327,1,propres_ssd,high,false,referenced in .pro; file located+hashed on SSD; metadata only
"Noah%E2%80%99s Ark, Simon de Myle 1570 (Wikimedia).png",graphic,false,,,"xfile:///Volumes/T7_ProTools/ProPresenter/Media/Assets/Noah%E2%80%99s%20Ark,%20Simon%20de%20Myle%201570%20(Wikimedia).png",,1,propres_ssd,low,true,referenced in .pro but file NOT found on SSD Media/ (may be external volume T7 ProTools)
Floods2_LOOPING_000040_4k_2997_40Mbps.mp4,b_roll_loop,true,39.64,3840x2160,Media/Assets/Floods2_LOOPING_000040_4k_2997_40Mbps.mp4,d41ec74e17869cf804d6b9c1bfb1bae2473a7d4521e1ff5c2f8364009427ac44,2,propres_ssd,high,false,referenced in .pro; file located+hashed on SSD; metadata only
Nature Microbiology 2020 (Streptomyces _ geosmin)-1.png,graphic,false,,3840x2160,Media/Assets/Nature Microbiology 2020 (Streptomyces _ geosmin)-1.png,de0e3e6ba26c56b3b8dea91664f8c2c6e3da18f72b67e8411251210d7a9a963a,2,propres_ssd,high,false,referenced in .pro; file located+hashed on SSD; metadata only
Microscope_Broll.mp4,clip_with_audio,false,38.54,3840x2160,Media/Assets/Microscope_Broll.mp4,0861349556d6a5ead0e4889d8c849ea14ffd8a09fba8d3df21acb62c2bfdf6e5,2,propres_ssd,high,false,referenced in .pro; file located+hashed on SSD; metadata only
Rain_Broll_LOOPING.mp4,b_roll_loop,true,41.34,3840x2160,Media/Assets/Rain_Broll_LOOPING.mp4,2e7cb8b17338549c2f81a1430e7ec3c397b9e1fa4cc6f14cb639f9aa19b27c57,3,propres_ssd,high,false,referenced in .pro; file located+hashed on SSD; metadata only
"Delgado-Baquerizo et al. 2018, Science.png",graphic,false,,3840x2160,"Media/Assets/Delgado-Baquerizo et al. 2018, Science.png",a0757d1e5b4c24918197d26057fd5005d10def502d4358c61ef8ae031266a33d,2,propres_ssd,high,false,referenced in .pro; file located+hashed on SSD; metadata only
Screenshot 2026-05-29 at 10.07.27%E2%80%AFAM.png,graphic,false,,,lfile:///Volumes/T7_ProTools/ProPresenter/Media/Assets/Screenshot%202026-05-29%20at%2010.07.27%E2%80%AFAM.png,,1,propres_ssd,low,true,referenced in .pro but file NOT found on SSD Media/ (may be external volume T7 ProTools)
Screenshot 2026-05-29 at 10.05.32%E2%80%AFAM.png,graphic,false,,,lfile:///Volumes/T7_ProTools/ProPresenter/Media/Assets/Screenshot%202026-05-29%20at%2010.05.32%E2%80%AFAM.png,,1,propres_ssd,low,true,referenced in .pro but file NOT found on SSD Media/ (may be external volume T7 ProTools)
Screenshot 2026-05-29 at 10.04.45%E2%80%AFAM.png,graphic,false,,,lfile:///Volumes/T7_ProTools/ProPresenter/Media/Assets/Screenshot%202026-05-29%20at%2010.04.45%E2%80%AFAM.png,,1,propres_ssd,low,true,referenced in .pro but file NOT found on SSD Media/ (may be external volume T7 ProTools)
PLANETARY_RINGS_Broll_LOOPING_004815_4K_2997_40Mbps_H264.mp4,b_roll_loop,true,48.55,3840x2160,Media/Assets/PLANETARY_RINGS_Broll_LOOPING_004815_4K_2997_40Mbps_H264.mp4,aacb2cc860ef15d4a65ac3a6ed76d79da575e90d8b61173b0b08df980d3f466b,2,propres_ssd,high,false,referenced in .pro; file located+hashed on SSD; metadata only
Article Screenshot_James Worrell.png,graphic,false,,776x437,Media/Assets/Article Screenshot_James Worrell.png,419a361cb06b0f757a429e50250320bb5cf515382a3a69527f8752939db6caa0,2,propres_ssd,high,false,referenced in .pro; file located+hashed on SSD; metadata only
Article Graphic 2.png,graphic,false,,776x437,Media/Assets/Article Graphic 2.png,54cf85d8571a2f0c277dd503d794a8710cf6f18c6c159fdd263d6dc61f9292fc,2,propres_ssd,high,false,referenced in .pro; file located+hashed on SSD; metadata only
image-1.jpg,graphic,false,,960x540,Media/Assets/image-1.jpg,691fbe9b1f5bc4903ef845c89a9de257ee6fa0d544d4b1179cee21b2f1437a1c,3,propres_ssd,high,false,referenced in .pro; file located+hashed on SSD; metadata only
Article Graphic 1.png,graphic,false,,776x437,Media/Assets/Article Graphic 1.png,3c1a6c4931b0460f38d527d22446a59a3b8a628a419f5b35557843b31d1f817f,2,propres_ssd,high,false,referenced in .pro; file located+hashed on SSD; metadata only
Interview3_OPENER_LOOPING_000020_4k_2997_40Mbps.mp4,b_roll_loop,true,20.02,3840x2160,Media/Assets/Interview3_OPENER_LOOPING_000020_4k_2997_40Mbps.mp4,b73d7a8302ada4317c26e2d1c34a7bceb633ecb6441314d805678971424eccc1,2,propres_ssd,high,false,referenced in .pro; file located+hashed on SSD; metadata only
GSR_Broll_Galaxy_2_Looping_000100_4K_2997_mp4_40Mbps_H264.mp4,b_roll_loop,true,60.6,3840x2160,Media/Assets/GSR_Broll_Galaxy_2_Looping_000100_4K_2997_mp4_40Mbps_H264.mp4,97c51f55046ca4dad692f829d71c1a47445c916ae35297a536e8632496d61664,6,propres_ssd,high,false,referenced in .pro; file located+hashed on SSD; metadata only
Money_Broll_LOOPING.mp4,b_roll_loop,true,54.85,3840x2160,Media/Assets/Money_Broll_LOOPING.mp4,d21dda9ee5c0a064e7ec5dfcd701d518d7ed9bd0bcb852acaf6acf42dbf6d463,4,propres_ssd,high,false,duplicate content (same hash as Money_Broll_LOOPING.mp4)
Government_Broll.mp4,clip_with_audio,false,44.61,3840x2160,Media/Assets/Government_Broll.mp4,088d67fec978a49c84cc3b39c6dfac9d47b70b8ab5ec02ac5ccb5a1eadf47cc3,3,propres_ssd,high,false,referenced in .pro; file located+hashed on SSD; metadata only
Sun_Opener_Graphic.mp4,clip_with_audio,false,18.79,3840x2160,Media/Assets/Sun_Opener_Graphic.mp4,09866110555aae9d8a237343f47ce8521427ca6908ef68b661f006ca787b8fda,6,propres_ssd,high,false,referenced in .pro; file located+hashed on SSD; metadata only
Earth_Weather_Broll.mp4,clip_with_audio,false,43.58,3840x2160,Media/Assets/Earth_Weather_Broll.mp4,57e81271ac486d587b3fe6c065ca35196954937326eac9d2d4eb7902b06a0901,2,propres_ssd,high,false,referenced in .pro; file located+hashed on SSD; metadata only
Scientists In Lab_LOOPING_4K.mp4,b_roll_loop,true,,,,,2,propres_ssd,low,true,referenced in .pro but file NOT found on SSD Media/ (may be external volume T7 ProTools)
Simpsons_Clip_WITH_AUDIO.mp4,clip_with_audio,false,28.13,3840x2160,Media/Assets/Simpsons_Clip_WITH_AUDIO.mp4,dda4db583a5d24f8bf93afd20130fef70a4d89cbbd46d9b78f551ff7dc51667b,2,propres_ssd,high,false,referenced in .pro; file located+hashed on SSD; metadata only
Anti-government protest in Sri Lanka 2022.png,graphic,false,,3840x2160,Media/Assets/Anti-government protest in Sri Lanka 2022.png,76e17ede2953b7b9681f3715f133c9568f6d5d62e4903323ce2cdec1833dfd90,2,propres_ssd,high,false,referenced in .pro; file located+hashed on SSD; metadata only
QA_S1_E23_MASTER_000223_1080p_2997_30Mbps_H264.mp4,clip_with_audio,false,143.01,1920x1080,Media/Assets/QA_S1_E23_MASTER_000223_1080p_2997_30Mbps_H264.mp4,089d8d9e3661babb964cfe0a0944c289ec421b31005088bc646839111ebb6623,1,propres_ssd,high,false,referenced in .pro; file located+hashed on SSD; metadata only
VV_03_Carla_Daniel_000032_1080p_2997_40Mbps_H264.mp4,clip_with_audio,false,32.6,1920x1080,Media/Assets/VV_03_Carla_Daniel_000032_1080p_2997_40Mbps_H264.mp4,35558b404c45bcdfd43d5b424890e58bf2d4cdc7ec0b0102220d1ea3fbb3ea1d,1,propres_ssd,high,false,referenced in .pro; file located+hashed on SSD; metadata only
FR_04_TheDarwinEffect_Ben_000046_4k_2997_40Mbps.mp4,clip_with_audio,false,46.68,3840x2160,Media/Assets/FR_04_TheDarwinEffect_Ben_000046_4k_2997_40Mbps.mp4,bc8a92697762f7892a42bcce4f01856e4c90c6bd5faddc44d5f7ef5c4adc6e92,1,propres_ssd,high,false,referenced in .pro; file located+hashed on SSD; metadata only
GS_Minute_132_Too_Much_Salt_000100_4k_2997_40Mbps_H264.mp4,clip_with_audio,false,59.99,3840x2160,Media/Assets/GS_Minute_132_Too_Much_Salt_000100_4k_2997_40Mbps_H264.mp4,57cc5146fcc80a67400fcd604eb0e14a6bf6c6938824700d8870f7d484e6df86,2,propres_ssd,high,false,referenced in .pro; file located+hashed on SSD; metadata only
THD_361_TimeSpaceAndMatter_GSN_000130_1080p_2997_7Mbps_H264-1.mp4,clip_with_audio,false,91.09,1920x1080,Media/Assets/THD_361_TimeSpaceAndMatter_GSN_000130_1080p_2997_7Mbps_H264-1.mp4,67af7419ae328c3d87074edbe0402d51481564b5c0cbf75b2544c074dab91104,2,propres_ssd,high,false,referenced in .pro; file located+hashed on SSD; metadata only
Evolution The Grand Experiment DVD Graphic.png,graphic,false,,3840x2160,Media/Assets/Evolution The Grand Experiment DVD Graphic.png,9cd9e2100d69008dd48ef26029b99976f3e9546e2bbfb98f7b8d46b380379cfc,2,propres_ssd,high,false,referenced in .pro; file located+hashed on SSD; metadata only
Part 3 Smithsonian 4k Tour Whales V1.mp4,clip_with_audio,false,774.04,1920x1080,Media/Assets/Part 3 Smithsonian 4k Tour Whales V1.mp4,711e4620550f3bb6b90c2f7febace78bb69b4d926374ef27d5aaee939755c820,2,propres_ssd,high,false,referenced in .pro; file located+hashed on SSD; metadata only
Presidential_Election_Clip_WITH_AUDIO.mp4,clip_with_audio,false,12.15,3840x2160,Media/Assets/Presidential_Election_Clip_WITH_AUDIO.mp4,6ef476e153a13651d4cfdbdbadca591ebe4206ca70212d1a44c364e20a4555ac,2,propres_ssd,high,false,referenced in .pro; file located+hashed on SSD; metadata only
Glacier_NPS.png,graphic,false,,3840x2160,Media/Assets/Glacier_NPS.png,9264ba0ce5fbf7e73a680edd9d4f1d0786d7bce8349be5873f5c99b121bb7ceb,3,propres_ssd,high,false,referenced in .pro; file located+hashed on SSD; metadata only
Climate_Research_Broll.mp4,clip_with_audio,false,41.74,3840x2160,Media/Assets/Climate_Research_Broll.mp4,045d80fe4e1292375b1fccdc05e129e8e269f78bfee771bfbe558a8c0bcf18f6,2,propres_ssd,high,false,referenced in .pro; file located+hashed on SSD; metadata only
Gore_Meeting People_Broll.mp4,clip_with_audio,false,21.82,3840x2160,Media/Assets/Gore_Meeting People_Broll.mp4,dd37715d805a709f67b9ea857aff49bbc2b2a6989c087d893ec8542f343ee97a,2,propres_ssd,high,false,referenced in .pro; file located+hashed on SSD; metadata only
Al_Gore_Climate_Change.mp4,clip_with_audio,false,20.35,3840x2160,Media/Assets/Al_Gore_Climate_Change.mp4,7d3bf266c5b9ea7a4fe4699a239455daea09c9fbb6959426e2541cd81b831df1,2,propres_ssd,high,false,referenced in .pro; file located+hashed on SSD; metadata only
Glacier National Park Article Screenshot.png,graphic,false,,3840x2160,Media/Assets/Glacier National Park Article Screenshot.png,9dd579627b28e812118d86351799bd18966aa461cd9807292e6643e7783893b0,2,propres_ssd,high,false,referenced in .pro; file located+hashed on SSD; metadata only
Al_Gore_broll.mp4,clip_with_audio,false,41.01,3840x2160,Media/Assets/Al_Gore_broll.mp4,cc28ca961594477643db219e93b3906e2907227212f8328604d5e85028bcbfda,3,propres_ssd,high,false,referenced in .pro; file located+hashed on SSD; metadata only
Ice_Glacier_Broll.mp4,clip_with_audio,false,49.78,3840x2160,Media/Assets/Ice_Glacier_Broll.mp4,59ce30eafcea93c7d8d7c4b7c0319345527df789fb491b8dd972ef23e6d1af7e,3,propres_ssd,high,false,referenced in .pro; file located+hashed on SSD; metadata only
Kilimanjaro.png,graphic,false,,3840x2160,Media/Assets/Kilimanjaro.png,4bb95d4512b5d6c01f5fa97bf9e1375a3f7c36d67fc99e9843ad6c3bb6e14fbd,3,propres_ssd,high,false,referenced in .pro; file located+hashed on SSD; metadata only
Truth_Opener_Graphic-1.mp4,clip_with_audio,false,15.95,3840x2160,Media/Assets/Truth_Opener_Graphic-1.mp4,93e6e11e7cd001394f5c7fe191068546ec2622e97c0ec4c0f76b22f4535295a1,4,propres_ssd,high,false,referenced in .pro; file located+hashed on SSD; metadata only
Al_Gore_Concession_Speech.mp4,clip_with_audio,false,23.26,3840x2160,Media/Assets/Al_Gore_Concession_Speech.mp4,2e6e76a035605c247d6ce16a22c697f174ec263745c746841fdcbac08a587566,2,propres_ssd,high,false,referenced in .pro; file located+hashed on SSD; metadata only
Al_Gore_Clip_WITH_AUDIO-1.mp4,clip_with_audio,false,16.58,3840x2160,Media/Assets/Al_Gore_Clip_WITH_AUDIO-1.mp4,f0b8b37233053517691dade04f1891b4bf4f1b532b01e42b38383af38a9c8aee,2,propres_ssd,high,false,referenced in .pro; file located+hashed on SSD; metadata only
Luxury_Broll_LOOP.mp4,b_roll_loop,true,79.01,3840x2160,Media/Assets/Luxury_Broll_LOOP.mp4,1f570c6541741f6fdd58dae6f4888031b3314f9657b65776b9a591daa34825b2,3,propres_ssd,high,false,referenced in .pro; file located+hashed on SSD; metadata only
Energy_Infrastructer_Broll.mp4,clip_with_audio,false,49.58,3840x2160,Media/Assets/Energy_Infrastructer_Broll.mp4,05ef13aa1ec3e077e92b9396fcf5774ec444e2b72d3d78bbbd9fa6755113cf35,2,propres_ssd,high,false,referenced in .pro; file located+hashed on SSD; metadata only
VV_04_Diane_Daniel_000032_1080p_2997_40Mbps_H264.mp4,clip_with_audio,false,32.7,1920x1080,Media/Assets/VV_04_Diane_Daniel_000032_1080p_2997_40Mbps_H264.mp4,9b758883c8b9352715f6f4df1dd6eb23c7deaab50c7f3b39fd0af37419639daa,1,propres_ssd,high,false,referenced in .pro; file located+hashed on SSD; metadata only
FR_05_TheGeniusOfEarlyMan_Morgan_000106_4k_2997_40Mbps.mp4,clip_with_audio,false,66.7,3840x2160,Media/Assets/FR_05_TheGeniusOfEarlyMan_Morgan_000106_4k_2997_40Mbps.mp4,871d8b5ed62ea13c6540170b62f0a25f796e6b513f8c382d20fa2d14bb81dcd9,2,propres_ssd,high,false,referenced in .pro; file located+hashed on SSD; metadata only
THD_374_CREATION_Ardipithecus_ROLLIN_000400_4K_2997_40Mbps_H264.mp4,clip_with_audio,false,240.01,3840x2160,Media/Assets/THD_374_CREATION_Ardipithecus_ROLLIN_000400_4K_2997_40Mbps_H264.mp4,23c3e293d3e6c894fca4ec5ef9341b69d732d2673e77495e73b992f171788c14,1,propres_ssd,high,false,referenced in .pro; file located+hashed on SSD; metadata only
CTN_Promo_Graphic.png,graphic,false,,3840x2160,Media/Assets/CTN_Promo_Graphic.png,b37eb6c63f7b4850f051966e69662364174f68ef963abf8427f68dc8e086d3dc,3,propres_ssd,high,false,referenced in .pro; file located+hashed on SSD; metadata only
Neanderthal_Broll.mp4,clip_with_audio,false,48.25,3840x2160,Media/Assets/Neanderthal_Broll.mp4,6976606c8db3ec093247fe8b061cf7d3efba2c73a682e5f97ee3a998b341928c,2,propres_ssd,high,false,referenced in .pro; file located+hashed on SSD; metadata only
Sun_Broll.mp4,clip_with_audio,false,46.01,3840x2160,Media/Assets/Sun_Broll.mp4,bc0e3f8048dfa9593e8ad3dd98f4e8229410e3ece0a8f3ff46d9c49bdc068e41,3,propres_ssd,high,false,referenced in .pro; file located+hashed on SSD; metadata only
Earth_Core_Magnetic_Field_Broll.mp4,clip_with_audio,false,46.81,3840x2160,Media/Assets/Earth_Core_Magnetic_Field_Broll.mp4,77f3c2d4f8f52f4bc8f3cc5826d32ff788fae2e185da7f99817403dbc0bb0bbe,2,propres_ssd,high,false,referenced in .pro; file located+hashed on SSD; metadata only
2012_Clip_WITH_AUDIO.mp4,clip_with_audio,false,16.18,3840x2160,Media/Assets/2012_Clip_WITH_AUDIO.mp4,c7dc63ff47ceb8576989f5aa2c7609bcaf3b191115d1c359e9c47af7611e4e5b,2,propres_ssd,high,false,referenced in .pro; file located+hashed on SSD; metadata only
MagneticField.png,graphic,false,,3840x2160,Media/Assets/MagneticField.png,7746ed1b8e2c9aa8ee59086701da8bd4ce21200edb278663ea23e9caf7d1e4b6,2,propres_ssd,high,false,referenced in .pro; file located+hashed on SSD; metadata only
Knowing_Clip_WITH_AUDIO.mp4,clip_with_audio,false,16.22,3840x2160,Media/Assets/Knowing_Clip_WITH_AUDIO.mp4,3ead59df3bbed129ddc1de17a321cf90ea5747a7bfa92b4e7db69669f39f40cc,2,propres_ssd,high,false,referenced in .pro; file located+hashed on SSD; metadata only
The_Core_Clip_WITH_AUDIO.mp4,clip_with_audio,false,22.69,3840x2160,Media/Assets/The_Core_Clip_WITH_AUDIO.mp4,c218ec218fdca7f95f6b32419f6e9833f7f877822d0909a3b307c5705f8ae7c1,2,propres_ssd,high,false,referenced in .pro; file located+hashed on SSD; metadata only
Earth_Opener_Graphic-1.mp4,clip_with_audio,false,18.28,3840x2160,Media/Assets/Earth_Opener_Graphic-1.mp4,633a1894cd3566b94e67ba5976e7487bb31c7925d82f4926e09e18a808633cca,4,propres_ssd,high,false,referenced in .pro; file located+hashed on SSD; metadata only
VV_05_Wanda_Gabe_000031_1080p_2997_40Mbps_H264.mp4,clip_with_audio,false,31.23,1920x1080,Media/Assets/VV_05_Wanda_Gabe_000031_1080p_2997_40Mbps_H264.mp4,a541e3811fcb3478b38cdb43fb74dc1d0fc0555d091c1b64d8211d9689e0bdf2,1,propres_ssd,high,false,referenced in .pro; file located+hashed on SSD; metadata only
Astronomy 1.mp4,clip_with_audio,false,30.03,3840x2160,Media/Assets/Astronomy 1.mp4,a28c44937919aaeea28708b96abda7bec6e4c4da2d306a455999d912485d2da7,7,propres_ssd,high,false,referenced in .pro; file located+hashed on SSD; metadata only
SpacePics01_LOOPING_MONTAGE_000048_4k_2997_40Mbps_H264.mp4,b_roll_loop,true,48.05,3840x2160,Media/Assets/SpacePics01_LOOPING_MONTAGE_000048_4k_2997_40Mbps_H264.mp4,47daeedb7d3d4b72d6d650302c18b6bddf141e08e8b847db64d75b5c49bde669,8,propres_ssd,high,false,referenced in .pro; file located+hashed on SSD; metadata only
AlienPlanets_LOOPING_000106_4k_2997_40Mbps.mp4,b_roll_loop,true,66.57,3840x2160,Media/Assets/AlienPlanets_LOOPING_000106_4k_2997_40Mbps.mp4,16983a883bbad16c097556f81c10cd292fd7c2eef290ae1536416c42c94dbf3b,8,propres_ssd,high,false,duplicate content (same hash as AlienPlanets_LOOPING_000106_4k_2997_40Mbps.mp4)
Mars_LOOPING_000025_4k_2997_40Mbps.mp4,b_roll_loop,true,25.02,3840x2160,Media/Assets/Mars_LOOPING_000025_4k_2997_40Mbps.mp4,19b8b85a07a798b134da13aefed529022ba36bdb23792777aa3fb4821a5fc559,8,propres_ssd,high,false,duplicate content (same hash as Mars_LOOPING_000025_4k_2997_40Mbps.mp4)
GSR_Michael_Maughon_OPENER_4.mp4,clip_with_audio,false,16.78,3840x2160,Media/Assets/GSR_Michael_Maughon_OPENER_4.mp4,654ec1ccbf2b901917475ca09e47d866a2c69a7e4220ca1f5fba7f52ce58e9dc,2,propres_ssd,high,false,referenced in .pro; file located+hashed on SSD; metadata only
Screenshot 2025-10-17 at 1.43.27%E2%80%AFPM.png,graphic,false,,,kfile:///Volumes/T7_ProTools/ProPresenter/Media/Assets/Screenshot%202025-10-17%20at%201.43.27%E2%80%AFPM.png,,1,propres_ssd,low,true,referenced in .pro but file NOT found on SSD Media/ (may be external volume T7 ProTools)
GSR_OPENER_002000_4K_2997_40Mbps_H264-2.mp4,clip_with_audio,false,20.02,3840x2160,Media/Assets/GSR_OPENER_002000_4K_2997_40Mbps_H264-2.mp4,0f71bca30052fcf7083b7a0cbe20b96901d37639f41898d3ec765bd9c1b79fc3,2,propres_ssd,high,false,referenced in .pro; file located+hashed on SSD; metadata only
Screenshot 2025-10-14 at 6.00.25%E2%80%AFPM.png,graphic,false,,,kfile:///Volumes/T7_ProTools/ProPresenter/Media/Assets/Screenshot%202025-10-14%20at%206.00.25%E2%80%AFPM.png,,1,propres_ssd,low,true,referenced in .pro but file NOT found on SSD Media/ (may be external volume T7 ProTools)
DNA_Broll_LOOPING_4K.mp4,b_roll_loop,true,46.05,3840x2160,Media/Assets/DNA_Broll_LOOPING_4K.mp4,298863f013d5c01d42c17bf22e37419732bb73df94e98ef91bf99328801dd42f,2,propres_ssd,high,false,referenced in .pro; file located+hashed on SSD; metadata only
CRISPR_GENETICS_LOOP.mp4,b_roll_loop,true,,,,,2,propres_ssd,low,true,referenced in .pro but file NOT found on SSD Media/ (may be external volume T7 ProTools)
Screenshot 2025-03-24 at 2.08.11 PM.png,graphic,false,,1249x719,Media/Assets/Screenshot 2025-03-24 at 2.08.11 PM.png,6b79a375e596dd08d41033b74cfe9eb608102d0015dc40e04394e3bfde43a73a,2,propres_ssd,high,false,referenced in .pro; file located+hashed on SSD; metadata only
Screenshot 2025-03-24 at 2.08.11%E2%80%AFPM.png,graphic,false,,,kfile:///Volumes/T7_ProTools/ProPresenter/Media/Assets/Screenshot%202025-03-24%20at%202.08.11%E2%80%AFPM.png,,2,propres_ssd,low,true,referenced in .pro but file NOT found on SSD Media/ (may be external volume T7 ProTools)
GSR_2024_Opener_NO_MUSIC_v03_000007_4K_2997_Pr4444.mov,clip_with_audio,false,7.01,3840x2160,Media/Assets/GSR_2024_Opener_NO_MUSIC_v03_000007_4K_2997_Pr4444.mov,53a61858f864406dd716f0d1d111b465dfa0c10b7936b053071f997a345fbfd7,1,propres_ssd,high,false,referenced in .pro; file located+hashed on SSD; metadata only
Untitled-1.jpeg,title_graphic,false,,328x500,Media/Assets/Untitled-1.jpeg,cc3dda3f8c5ea0c2682d3772f9e99723309432f08297f03da820b85253d273d7,2,propres_ssd,high,false,referenced in .pro; file located+hashed on SSD; metadata only
GSM133-Religion_is_Evolution_000100_4k_2997_40Mbps_H264.mp4,clip_with_audio,false,59.99,3840x2160,Media/Assets/GSM133-Religion_is_Evolution_000100_4k_2997_40Mbps_H264.mp4,60400fb70087d11b78cd9dbd4ed134f8dc5ff436309924a1f41371274df3b485,2,propres_ssd,high,false,referenced in .pro; file located+hashed on SSD; metadata only
THD_Baraminology_v02_4K_2997_40Mpbs_H264.mp4,clip_with_audio,false,193.56,3840x2160,Media/Assets/THD_Baraminology_v02_4K_2997_40Mpbs_H264.mp4,6dbded26d5b8dab69caefee421f380816eb614aaed802eef42865c8435a44e07,2,propres_ssd,high,false,referenced in .pro; file located+hashed on SSD; metadata only
DoeRiverGorge_16x9.png,graphic,false,,3840x2160,Media/Assets/DoeRiverGorge_16x9.png,db0991e55fa9223bbc6f9d77361a8713f424d97c23b863c3a0d1ed0dfbebc889,3,propres_ssd,high,false,referenced in .pro; file located+hashed on SSD; metadata only
Bats2_LOOPING_000030_4k_2997_40Mbps.mp4,b_roll_loop,true,30.03,3840x2160,Media/Assets/Bats2_LOOPING_000030_4k_2997_40Mbps.mp4,f374e5686558dfc3aa8e1cec15070937df6492c976638fc156106139f1f4cc13,2,propres_ssd,high,false,referenced in .pro; file located+hashed on SSD; metadata only
MM_Article_16x9.png,graphic,false,,3840x2160,Media/Assets/MM_Article_16x9.png,d917b64806d0ca9080cda2dc53b512157f27ed7a8d46b4fc654f4cea15c9812f,3,propres_ssd,high,false,referenced in .pro; file located+hashed on SSD; metadata only
SolomonIslands_LOOPING_000030_4k_2997_40Mbps.mp4,b_roll_loop,true,30.03,3840x2160,Media/Assets/SolomonIslands_LOOPING_000030_4k_2997_40Mbps.mp4,f7241344ed5ad65794fd8f9cb5268e10a51d006a785d964af29dfbdb1fe58101,2,propres_ssd,high,false,referenced in .pro; file located+hashed on SSD; metadata only
Bats_LOOPING_000030_4k_2997_40Mbps.mp4,b_roll_loop,true,30.03,3840x2160,Media/Assets/Bats_LOOPING_000030_4k_2997_40Mbps.mp4,522a272fec41d5697cc0fcd38e274c7c29833a82b028e363ab7bf6f6e9709505,2,propres_ssd,high,false,referenced in .pro; file located+hashed on SSD; metadata only
Protests_LOOPING_000046_4k_2997_40Mbps.mp4,b_roll_loop,true,45.58,3840x2160,Media/Assets/Protests_LOOPING_000046_4k_2997_40Mbps.mp4,29291dc9e3693a1ca095f2bb30e5366807ec6f93641882040c0d2c445af9a373,2,propres_ssd,high,false,referenced in .pro; file located+hashed on SSD; metadata only
SC_CourseDesc_Graphic_16x9_4kALTVERSION.png,graphic,false,,3840x2160,Media/Assets/SC_CourseDesc_Graphic_16x9_4kALTVERSION.png,20025977bb062de1dc66308aee4b060a82c05805b46764ce71d1c00597cdc4a6,2,propres_ssd,high,false,referenced in .pro; file located+hashed on SSD; metadata only
EndRacism_16x9.png,graphic,false,,1440x810,Media/Assets/EndRacism_16x9.png,c3fb7cd784b20fb33439d0bc1233ac2e23af6429208895e5fdac50d566a2362f,3,propres_ssd,high,false,referenced in .pro; file located+hashed on SSD; metadata only
TS_Article_16x9.png,graphic,false,,3840x2160,Media/Assets/TS_Article_16x9.png,041f256c1a1f0d314894b57776d67a6877d94258676776b44e124afe8c4dd4ce,3,propres_ssd,high,false,referenced in .pro; file located+hashed on SSD; metadata only
DSC04977.jpg,graphic,false,,4716x2653,Media/Assets/DSC04977.jpg,c888483d7dc701e2b2511a4e07cf8cfaa5105b7d104e026c50c36f2d119cd7f9,6,propres_ssd,high,false,referenced in .pro; file located+hashed on SSD; metadata only
image.jpg,graphic,false,,2480x928,Media/Assets/image.jpg,bbd4ed2d379f74bf62010da2fff7591450d7a73759d2a6e7cabb576b580831b4,3,propres_ssd,high,false,referenced in .pro; file located+hashed on SSD; metadata only
JohannesKepler.png,graphic,false,,3840x2160,Media/Assets/JohannesKepler.png,5d80fa27bd7160b6282242efa9229b2050d0b90fabfb47c7b760705303a6d6e5,3,propres_ssd,high,false,referenced in .pro; file located+hashed on SSD; metadata only
WhyScienceNeedsFaith.png,graphic,false,,3840x2160,Media/Assets/WhyScienceNeedsFaith.png,3f32cb25bc7877d29f5691440fc3f9e2d74ec5e190f9d4715a000c1965c67fbe,2,propres_ssd,high,false,referenced in .pro; file located+hashed on SSD; metadata only
CommunismMarxism_Monologue_LOOPING_000028_4k_2997_H264.mp4,b_roll_loop,true,27.99,3840x2160,Media/Assets/CommunismMarxism_Monologue_LOOPING_000028_4k_2997_H264.mp4,67bf725b2483b5359b035efbc80bd2ecea429623d36abcf3e0171fd1771a7b71,2,propres_ssd,high,false,referenced in .pro; file located+hashed on SSD; metadata only
DarwinsLieOpener_LOOPING_000020_4k_2997_40Mbps.mp4,b_roll_loop,true,20.02,3840x2160,Media/Assets/DarwinsLieOpener_LOOPING_000020_4k_2997_40Mbps.mp4,059fb641ec76d88dc43f21bede2594aa1f429d55260af9d4fc5155127cfb58fb,3,propres_ssd,high,false,referenced in .pro; file located+hashed on SSD; metadata only
GSR_2024_SegmentTitle_Ministry_Report_v01_CCd_000100_1080p_2997_Pr422HQ.mov,title_graphic,false,60.03,1920x1080,Media/Assets/GSR_2024_SegmentTitle_Ministry_Report_v01_CCd_000100_1080p_2997_Pr422HQ.mov,a84817c62b1e1565a6ebc044990de0e5e4aee4e58891adad77d8314f2f5ac15b,5,propres_ssd,high,false,referenced in .pro; file located+hashed on SSD; metadata only
deep-low-whoosh-SBA-300462094.wav,other,false,,,Media/Assets/deep-low-whoosh-SBA-300462094.wav,bf0ea59f4ac0ee03447e13e7b23ac5e97c41013faa32ce34779a29e80aea3038,1,propres_ssd,high,false,referenced in .pro; file located+hashed on SSD; metadata only
GSM_Mars_000100_4k_2997_40Mbps_H264.mp4,clip_with_audio,false,60.03,3840x2160,Media/Assets/GSM_Mars_000100_4k_2997_40Mbps_H264.mp4,bbd24aacc2d4b31488a025c2267ec6f2434be516674b46a219300c79c055e91b,2,propres_ssd,high,false,referenced in .pro; file located+hashed on SSD; metadata only
GSM_Saturn_000100_4k_2997_40Mbps_H264.mp4,clip_with_audio,false,59.99,3840x2160,Media/Assets/GSM_Saturn_000100_4k_2997_40Mbps_H264.mp4,aaf7a7877c45c2c4e8cff66c840e4e2dee0898dc6de77babd299cb6575150db9,2,propres_ssd,high,false,referenced in .pro; file located+hashed on SSD; metadata only
GSM_HummingbirdMigration_000100_4k_2997_40Mbps_H264.mp4,clip_with_audio,false,59.99,3840x2160,Media/Assets/GSM_HummingbirdMigration_000100_4k_2997_40Mbps_H264.mp4,920f57d5dddecaa371082ece6eaa1a6ce73b71a946adfad1f6a77eca1ab70818,1,propres_ssd,high,false,referenced in .pro; file located+hashed on SSD; metadata only
GSM_SoftTissueFossils_000100_4k_2997_40Mbps_H264.mp4,clip_with_audio,false,60.06,3840x2160,Media/Assets/GSM_SoftTissueFossils_000100_4k_2997_40Mbps_H264.mp4,3ce5c87345a3578b904a8bd36c657d92ef6a07b0eb4c9188bb674231f6f4ee3e,1,propres_ssd,high,false,referenced in .pro; file located+hashed on SSD; metadata only
GSM_TheBrain_000100_4k_2997_40Mbps_H264.mp4,clip_with_audio,false,59.99,3840x2160,Media/Assets/GSM_TheBrain_000100_4k_2997_40Mbps_H264.mp4,e9542eff63f6f33e36c11a10a7b14d2585d844c2bbe0d474443cec3aec7f31a7,2,propres_ssd,high,false,referenced in .pro; file located+hashed on SSD; metadata only
THD_CREATION_Monkeys_WWN_GSR_ROLLIN_000430_4K_2997_40Mbps_H264.mp4,clip_with_audio,false,270.0,3840x2160,Media/Assets/THD_CREATION_Monkeys_WWN_GSR_ROLLIN_000430_4K_2997_40Mbps_H264.mp4,abd69777a3b549f4ec7466a33c3863f984973c6ffe6eeb757e6852a0e6a2383d,1,propres_ssd,high,false,referenced in .pro; file located+hashed on SSD; metadata only
THD_WhirlpoolGalaxy_UPDATED_WWN_ROLLIN_000205_4k_2997_40Mbps_H264.mp4,clip_with_audio,false,125.02,3840x2160,Media/Assets/THD_WhirlpoolGalaxy_UPDATED_WWN_ROLLIN_000205_4k_2997_40Mbps_H264.mp4,29f1a2b53aadb0ae7aa7c48bfbf85ab86cfb97dc8a343d6d91c0e9f044ec84d1,1,propres_ssd,high,false,referenced in .pro; file located+hashed on SSD; metadata only
THD_GreatUnconformity_UPDATED_WWN_ROLLIN_000126_4k_2997_40Mbps_H264.mp4,clip_with_audio,false,86.02,3840x2160,Media/Assets/THD_GreatUnconformity_UPDATED_WWN_ROLLIN_000126_4k_2997_40Mbps_H264.mp4,eef38dc21eb594ddd7fad77df58254e5ba001f8c1f8d2254402a57b118d29df0,1,propres_ssd,high,false,referenced in .pro; file located+hashed on SSD; metadata only
THD_CREATION_Cheetah_WWN_ROLLIN_000250_4K_2997_40Mbps_H264.mp4,clip_with_audio,false,170.04,3840x2160,Media/Assets/THD_CREATION_Cheetah_WWN_ROLLIN_000250_4K_2997_40Mbps_H264.mp4,057a16a66d87b3578f41efd1e2983d946d6408dce192ded897aa9a423b550e5b,2,propres_ssd,high,false,referenced in .pro; file located+hashed on SSD; metadata only
THD_CrabNebula_UPDATED_WWN_ROLLIN_000213_4k_2997_40Mbps_H264.mp4,clip_with_audio,false,133.0,3840x2160,Media/Assets/THD_CrabNebula_UPDATED_WWN_ROLLIN_000213_4k_2997_40Mbps_H264.mp4,48575172f48e50e7cbc0800c635ed1e376653f969826605e652a14b29e43a21a,2,propres_ssd,high,false,referenced in .pro; file located+hashed on SSD; metadata only
060 GSN043 Promo.mp4,clip_with_audio,false,60.03,3840x2160,Media/Assets/060 GSN043 Promo.mp4,c1dfff7c96222779874df90c3d582ad2b766f1aacf33634f4263067e40223202,3,propres_ssd,high,false,referenced in .pro; file located+hashed on SSD; metadata only
060 GSN016 Promo.mp4,clip_with_audio,false,60.03,3840x2160,Media/Assets/060 GSN016 Promo.mp4,43488d920d8367df3a778e6845ded9a84d9f72b1e442f81636738f3459b554b0,3,propres_ssd,high,false,referenced in .pro; file located+hashed on SSD; metadata only
UnWrapped_Animated_Looping_Ruins_BG_4K_2997fps_40Mbps_H264.mp4,b_roll_loop,true,30.03,3840x2160,Media/Assets/UnWrapped_Animated_Looping_Ruins_BG_4K_2997fps_40Mbps_H264.mp4,928a2375a97ec47b1b5e1c12c6ded1d57bc4f139514c1780708864a7c1c96c6b,4,propres_ssd,high,false,referenced in .pro; file located+hashed on SSD; metadata only
UnWrapped_Animated_Looping_Chest_BG_4K_2997fps_40Mbps_H264.mp4,b_roll_loop,true,30.03,3840x2160,Media/Assets/UnWrapped_Animated_Looping_Chest_BG_4K_2997fps_40Mbps_H264.mp4,5de19807fa179b855a758f1da5605ae3a4e07d7e77e75bac3fce11baef7676bb,4,propres_ssd,high,false,referenced in .pro; file located+hashed on SSD; metadata only
UnWrapped_L3rd_Blank_wAlpha_Premultiplied_4K_2997_000010_Pr4444.mov,clip_with_audio,false,10.01,3840x2160,Media/Assets/UnWrapped_L3rd_Blank_wAlpha_Premultiplied_4K_2997_000010_Pr4444.mov,df336610b551d17ea039aa3fce6f9db45193ead667924b0aef66eb16bb06a194,3,propres_ssd,high,false,referenced in .pro; file located+hashed on SSD; metadata only
Unwrapped_L3rd_Donate_000015_4K_2997_Pr4444.mov,clip_with_audio,false,15.02,1920x1080,Media/Assets/Unwrapped_L3rd_Donate_000015_4K_2997_Pr4444.mov,f19e41847bc677b0014ad7e5b521e8f2b4054267240236cbab45c3a2a49c3515,4,propres_ssd,high,false,referenced in .pro; file located+hashed on SSD; metadata only
Unwrapped_L3rd_FollowUs_000013_4K_2997_Pr4444.mov,clip_with_audio,false,13.01,1920x1080,Media/Assets/Unwrapped_L3rd_FollowUs_000013_4K_2997_Pr4444.mov,a6857c426ad67fecad2f394f9950a0c5440416e04400f816c8141827f1c38982,3,propres_ssd,high,false,referenced in .pro; file located+hashed on SSD; metadata only
AstronomyDay_OPENER_2026_CC_17video_32audio_4k_2997_PRORES422HQ.mov,clip_with_audio,false,32.03,3840x2160,Media/Assets/AstronomyDay_OPENER_2026_CC_17video_32audio_4k_2997_PRORES422HQ.mov,e837bb9b94d190675b3cf610c60096b826a65d86a9598cdbe7d2c49b92cb1cf7,1,propres_ssd,high,false,referenced in .pro; file located+hashed on SSD; metadata only
Unwrapped_Intro_000030_FINAL_NO_AUDIO_4K_2997_Pr422.mov,clip_with_audio,false,30.47,3840x2160,Media/Assets/Unwrapped_Intro_000030_FINAL_NO_AUDIO_4K_2997_Pr422.mov,6bc8d1cc2ba94070d86bf2ae18647ced0c1c6cd4e9c9bc9a50097aee21ce83b8,3,propres_ssd,high,false,referenced in .pro; file located+hashed on SSD; metadata only
UnWrapped_Intro.mov,clip_with_audio,false,30.0,1920x1080,Media/Assets/UnWrapped_Intro.mov,45d36801845bacaf2a603f7036e1fe9fc4c5dfa89b1f1f1213866fa9acc5698e,3,propres_ssd,high,false,referenced in .pro; file located+hashed on SSD; metadata only
GSS Logo Short Inverted.png,graphic,false,,3840x364,Media/Assets/GSS Logo Short Inverted.png,a9ff1b0decf2a19ec89aedecc2c5d92da62233b559bbb46a84943748be81a85c,1,propres_ssd,high,false,referenced in .pro; file located+hashed on SSD; metadata only
UnWrapped_Logo_White.png,graphic,false,,5790x789,Media/Assets/UnWrapped_Logo_White.png,73d15ddc4976aeebd16b553df3360cc7636272cc42c46655a3c5e562749cc1a6,1,propres_ssd,high,false,referenced in .pro; file located+hashed on SSD; metadata only
WWN_L3rd_ROB_STADLER_PR4444_v2.mov,clip_with_audio,false,10.01,3840x2160,Media/Assets/WWN_L3rd_ROB_STADLER_PR4444_v2.mov,aff3a6b88b6f795eacf2b57e8b53fb33f5a7d88010ee0164b7bb964bcd5cf26b,1,propres_ssd,high,false,referenced in .pro; file located+hashed on SSD; metadata only
WWN_L3rd_David_Rives_v04_FINAL_4K_2997_Pr4444.mov,clip_with_audio,false,10.01,3840x2160,Media/Assets/WWN_L3rd_David_Rives_v04_FINAL_4K_2997_Pr4444.mov,7418295c1958f03162b37efc0061d41c8344fe4596d30fc885874ecf356c10fc,2,propres_ssd,high,false,referenced in .pro; file located+hashed on SSD; metadata only
WWN_L3rd_Donate_FINAL_000010_4K_2997_Pr4444.mov,clip_with_audio,false,10.01,3840x2160,Media/Assets/WWN_L3rd_Donate_FINAL_000010_4K_2997_Pr4444.mov,6b0fe9c34078b81634c12258c4cedf98412c5ecbf7c51903b6e2ba3e07ce234e,2,propres_ssd,high,false,referenced in .pro; file located+hashed on SSD; metadata only
WWN_L3rd_ConnectWithUs_FINAL_000023_2800x1080_2997_Pr4444.mov,clip_with_audio,false,23.32,2800x1080,Media/Assets/WWN_L3rd_ConnectWithUs_FINAL_000023_2800x1080_2997_Pr4444.mov,9fa904b778ad9b6faf481048a6f8d68c015883185034be1de83c91c342ba9d9f,2,propres_ssd,high,false,referenced in .pro; file located+hashed on SSD; metadata only
WWN_Official_2019_Intro_wBroadcastAudio_4K_2997_Pr422HQ-003.mov,clip_with_audio,false,34.1,3840x2160,Media/Assets/WWN_Official_2019_Intro_wBroadcastAudio_4K_2997_Pr422HQ-003.mov,c8ef2c39a2d68e81ab9549d38cdfc6df3655c5e4ed6f65be5148dc070e57be29,4,propres_ssd,high,false,referenced in .pro; file located+hashed on SSD; metadata only
WWN_2019_30Sec_Mid-WWN_Promo_wBroadcastAudio_4K_2997_Pr422HQ.mov,clip_with_audio,false,32.1,3840x2160,Media/Assets/WWN_2019_30Sec_Mid-WWN_Promo_wBroadcastAudio_4K_2997_Pr422HQ.mov,f19e73b18bf0c82ef2aecaa9c28bd006a805ff6aa59e2bdb42788400bcf3bdfc,4,propres_ssd,high,false,referenced in .pro; file located+hashed on SSD; metadata only
30 Second Pre-WWN Promo.mp4,clip_with_audio,false,30.03,3840x2160,Media/Assets/30 Second Pre-WWN Promo.mp4,7a8368bda316a1a28d7ccbbee87a6f5950298f1a036d33c55dda3fcaba01855a,4,propres_ssd,high,false,referenced in .pro; file located+hashed on SSD; metadata only
WWN clip 1 .mp4,clip_with_audio,false,38.47,3840x2160,Media/Assets/WWN clip 1 .mp4,ec9cf22977178f084d5d51fa7fa23155c612bb21595ef752f348a3ba789efb9d,3,propres_ssd,high,false,referenced in .pro; file located+hashed on SSD; metadata only
THD_386_WhyCreate_MASTER_000500_4k_2997_50Mbps_H264.mp4,clip_with_audio,false,300.03,3840x2160,Media/Assets/THD_386_WhyCreate_MASTER_000500_4k_2997_50Mbps_H264.mp4,2486534fe1d084e2585410c30fc9a087d1dd0e30d2a180c01e5f1d6fd66e67ee,2,propres_ssd,high,false,referenced in .pro; file located+hashed on SSD; metadata only
WWN clip 2.mp4,clip_with_audio,false,6.81,3840x2160,Media/Assets/WWN clip 2.mp4,a846646d152eb300261fff9edc18d5e6ae2ec5ffb8e9a8d5d88aa17042be6f99,3,propres_ssd,high,false,referenced in .pro; file located+hashed on SSD; metadata only
WWN clip 3.mp4,clip_with_audio,false,26.93,3840x2160,Media/Assets/WWN clip 3.mp4,0612937a5883871461ace18119efd797bb1b7db217876bddbad604d76c8bebdc,3,propres_ssd,high,false,referenced in .pro; file located+hashed on SSD; metadata only
